simplified_color,simplified_sex,intake_age,simplified_condition,simplified_type,days_stayed
OTHER,FEMALE,8,NORMAL,OWNER SURRENDER,94
OTHER,FEMALE,8,NORMAL,OWNER SURRENDER,17
BLACK,FEMALE,3,OTHER,OWNER SURRENDER,32
OTHER,MALE,8,NORMAL,OWNER SURRENDER,48
GRAY,MALE,1,NORMAL,STRAY,8
BLACK,FEMALE,0,NORMAL,STRAY,16
GRAY,FEMALE,3,NORMAL,STRAY,8
OTHER,FEMALE,3,NORMAL,OWNER SURRENDER,78
OTHER,FEMALE,0,NORMAL,STRAY,11
BLACK,FEMALE,0,NORMAL,STRAY,19
TABBY,MALE,9,NORMAL,OWNER SURRENDER,58
TABBY,FEMALE,2,INJURED,STRAY,8
GRAY,FEMALE,2,NORMAL,STRAY,14
OTHER,FEMALE,0,NORMAL,STRAY,12
BLACK,MALE,4,ILL,STRAY,127
TABBY,FEMALE,0,UNDER WEIGHT,STRAY,50
OTHER,MALE,4,NORMAL,OWNER SURRENDER,34
TABBY,FEMALE,4,NORMAL,OWNER SURRENDER,29
GRAY,FEMALE,0,ILL,STRAY,42
WHITE,FEMALE,0,NORMAL,STRAY,14
TABBY,FEMALE,0,NORMAL,STRAY,8
BLACK,MALE,0,NORMAL,STRAY,19
BLACK,MALE,2,NORMAL,OWNER SURRENDER,10
TABBY,MALE,0,OTHER,STRAY,10
BLACK,MALE,0,NORMAL,STRAY,75
TABBY,FEMALE,0,NORMAL,STRAY,23
TABBY,MALE,0,NORMAL,STRAY,14
OTHER,FEMALE,2,NORMAL,STRAY,11
BLACK,MALE,0,NORMAL,STRAY,27
GRAY,MALE,0,OTHER,STRAY,42
BLACK,FEMALE,0,NORMAL,STRAY,31
TABBY,MALE,0,NORMAL,STRAY,18
BLACK,FEMALE,0,NORMAL,STRAY,13
TABBY,MALE,0,NORMAL,STRAY,64
BLACK,FEMALE,0,NORMAL,STRAY,40
OTHER,FEMALE,0,OTHER,STRAY,119
GRAY,MALE,0,ILL,STRAY,14
OTHER,MALE,0,OTHER,STRAY,55
BLACK,FEMALE,3,NORMAL,STRAY,125
TABBY,FEMALE,0,NORMAL,STRAY,13
BLACK,FEMALE,0,NORMAL,STRAY,72
TABBY,MALE,0,OTHER,STRAY,113
BLACK,FEMALE,0,NORMAL,STRAY,5
BLACK,MALE,0,NORMAL,STRAY,32
TABBY,MALE,0,UNDER WEIGHT,STRAY,28
BLACK,FEMALE,1,NORMAL,OWNER SURRENDER,10
OTHER,FEMALE,4,NORMAL,OWNER SURRENDER,83
GRAY,FEMALE,0,NORMAL,STRAY,8
TABBY,FEMALE,0,OTHER,STRAY,25
GRAY,MALE,0,NORMAL,STRAY,25
TABBY,FEMALE,1,NORMAL,OWNER SURRENDER,126
TABBY,MALE,0,NORMAL,STRAY,45
TABBY,MALE,0,NORMAL,STRAY,6
OTHER,FEMALE,0,NORMAL,STRAY,6
BLACK,FEMALE,0,NORMAL,STRAY,28
TABBY,MALE,0,NORMAL,STRAY,8
TABBY,MALE,0,NORMAL,STRAY,21
OTHER,MALE,0,NORMAL,STRAY,7
TABBY,FEMALE,4,NORMAL,STRAY,43
TABBY,MALE,2,NORMAL,STRAY,8
GRAY,FEMALE,0,NORMAL,STRAY,7
TABBY,MALE,0,OTHER,STRAY,17
BLACK,MALE,0,NORMAL,STRAY,22
OTHER,FEMALE,0,NORMAL,STRAY,7
OTHER,FEMALE,3,NORMAL,STRAY,27
GRAY,MALE,0,NORMAL,STRAY,6
TABBY,MALE,2,NORMAL,STRAY,109
OTHER,MALE,0,NORMAL,OWNER SURRENDER,2
TABBY,MALE,6,NORMAL,STRAY,83
TABBY,MALE,0,NORMAL,OWNER SURRENDER,45
TABBY,FEMALE,1,NORMAL,STRAY,69
WHITE,MALE,4,INJURED,OWNER SURRENDER,41
OTHER,FEMALE,0,NORMAL,STRAY,32
TABBY,FEMALE,3,NORMAL,STRAY,58
BLACK,MALE,0,NORMAL,STRAY,5
OTHER,MALE,0,UNDER WEIGHT,STRAY,10
TABBY,FEMALE,0,UNDER WEIGHT,STRAY,16
BLACK,MALE,0,NORMAL,STRAY,12
GRAY,FEMALE,0,NORMAL,OWNER SURRENDER,7
BLACK,MALE,0,UNDER WEIGHT,STRAY,77
GRAY,MALE,0,NORMAL,STRAY,100
TABBY,FEMALE,1,NORMAL,STRAY,15
BLACK,MALE,0,UNDER WEIGHT,STRAY,125
WHITE,MALE,4,ILL,OWNER SURRENDER,7
BLACK,MALE,0,NORMAL,STRAY,89
BLACK,FEMALE,0,NORMAL,STRAY,8
TABBY,MALE,4,ILL,STRAY,36
BLACK,MALE,4,NORMAL,STRAY,9
TABBY,MALE,0,NORMAL,STRAY,57
TABBY,FEMALE,0,NORMAL,STRAY,17
GRAY,MALE,3,NORMAL,STRAY,10
OTHER,FEMALE,4,ILL,OTHER,71
OTHER,MALE,4,NORMAL,STRAY,72
TABBY,MALE,0,NORMAL,STRAY,6
OTHER,MALE,0,NORMAL,STRAY,11
TABBY,FEMALE,0,NORMAL,STRAY,16
TABBY,MALE,0,OTHER,STRAY,56
OTHER,MALE,0,NORMAL,STRAY,20
TABBY,MALE,0,NORMAL,STRAY,7
BLACK,MALE,0,NORMAL,STRAY,38
OTHER,FEMALE,0,NORMAL,STRAY,21
OTHER,FEMALE,9,NORMAL,OWNER SURRENDER,4
BLACK,MALE,0,UNDER WEIGHT,STRAY,47
BLACK,FEMALE,0,NORMAL,STRAY,57
TABBY,MALE,0,OTHER,STRAY,41
TABBY,MALE,0,OTHER,STRAY,10
TABBY,FEMALE,1,NORMAL,STRAY,42
OTHER,FEMALE,0,NORMAL,STRAY,126
GRAY,MALE,0,NORMAL,STRAY,8
OTHER,FEMALE,0,OTHER,STRAY,19
TABBY,FEMALE,4,OTHER,STRAY,118
TABBY,FEMALE,3,NORMAL,STRAY,3
TABBY,MALE,0,NORMAL,STRAY,3
OTHER,MALE,0,NORMAL,STRAY,77
TABBY,FEMALE,5,NORMAL,STRAY,122
TABBY,FEMALE,0,NORMAL,STRAY,4
TABBY,MALE,1,INJURED,STRAY,36
BLACK,MALE,9,NORMAL,STRAY,79
OTHER,MALE,2,NORMAL,STRAY,69
BLACK,MALE,4,NORMAL,STRAY,31
BLACK,MALE,4,OTHER,STRAY,114
GRAY,MALE,0,NORMAL,STRAY,72
BLACK,FEMALE,5,NORMAL,OWNER SURRENDER,57
WHITE,FEMALE,0,NORMAL,OWNER SURRENDER,11
BLACK,MALE,2,INJURED,STRAY,95
BLACK,FEMALE,0,NORMAL,STRAY,8
TABBY,FEMALE,2,NORMAL,STRAY,84
OTHER,FEMALE,0,NORMAL,STRAY,13
GRAY,MALE,0,UNDER WEIGHT,STRAY,6
TABBY,FEMALE,0,UNDER WEIGHT,STRAY,91
BLACK,MALE,0,INJURED,STRAY,43
OTHER,FEMALE,0,UNDER WEIGHT,STRAY,22
TABBY,MALE,0,UNDER WEIGHT,STRAY,51
GRAY,MALE,0,UNDER WEIGHT,STRAY,22
OTHER,FEMALE,0,UNDER WEIGHT,STRAY,22
OTHER,FEMALE,0,UNDER WEIGHT,STRAY,22
TABBY,MALE,0,UNDER WEIGHT,STRAY,146
BLACK,MALE,0,UNDER WEIGHT,STRAY,25
BLACK,FEMALE,0,UNDER WEIGHT,STRAY,60
BLACK,MALE,0,UNDER WEIGHT,STRAY,61
BLACK,FEMALE,0,UNDER WEIGHT,STRAY,75
BLACK,MALE,0,NORMAL,STRAY,24
WHITE,FEMALE,0,UNDER WEIGHT,STRAY,13
GRAY,MALE,0,NORMAL,STRAY,34
OTHER,MALE,4,NORMAL,STRAY,25
BLACK,MALE,0,UNDER WEIGHT,STRAY,5
TABBY,MALE,0,UNDER WEIGHT,STRAY,65
OTHER,FEMALE,0,UNDER WEIGHT,STRAY,6
OTHER,FEMALE,0,NORMAL,STRAY,2
TABBY,MALE,0,NORMAL,OTHER,47
TABBY,FEMALE,0,NORMAL,STRAY,63
BLACK,MALE,0,NORMAL,STRAY,105
BLACK,MALE,4,NORMAL,OWNER SURRENDER,25
TABBY,MALE,0,NORMAL,STRAY,4
OTHER,FEMALE,0,UNDER WEIGHT,STRAY,47
TABBY,MALE,0,NORMAL,STRAY,13
WHITE,FEMALE,0,UNDER WEIGHT,STRAY,36
TABBY,MALE,0,UNDER WEIGHT,STRAY,21
OTHER,FEMALE,0,NORMAL,STRAY,82
TABBY,MALE,0,NORMAL,STRAY,91
BLACK,FEMALE,1,ILL,STRAY,32
OTHER,MALE,2,NORMAL,STRAY,34
BLACK,FEMALE,0,NORMAL,STRAY,81
TABBY,MALE,0,NORMAL,STRAY,112
TABBY,MALE,0,UNDER WEIGHT,STRAY,76
TABBY,MALE,2,NORMAL,OTHER,28
TABBY,FEMALE,0,NORMAL,STRAY,135
BLACK,FEMALE,0,NORMAL,STRAY,149
TABBY,FEMALE,1,NORMAL,STRAY,20
GRAY,MALE,0,UNDER WEIGHT,STRAY,31
TABBY,FEMALE,0,OTHER,STRAY,75
GRAY,FEMALE,0,NORMAL,STRAY,7
BLACK,MALE,0,NORMAL,STRAY,22
BLACK,FEMALE,0,NORMAL,STRAY,25
BLACK,FEMALE,0,NORMAL,STRAY,7
OTHER,FEMALE,0,UNDER WEIGHT,STRAY,34
BLACK,MALE,0,INJURED,STRAY,18
BLACK,FEMALE,9,NORMAL,OWNER SURRENDER,102
BLACK,MALE,9,NORMAL,OWNER SURRENDER,56
TABBY,MALE,9,NORMAL,OWNER SURRENDER,56
TABBY,MALE,6,ILL,STRAY,45
GRAY,MALE,6,NORMAL,OWNER SURRENDER,7
BLACK,FEMALE,8,NORMAL,OWNER SURRENDER,131
GRAY,FEMALE,3,NORMAL,OWNER SURRENDER,137
OTHER,FEMALE,9,NORMAL,OWNER SURRENDER,80
OTHER,MALE,1,NORMAL,STRAY,9
TABBY,FEMALE,3,NORMAL,STRAY,23
OTHER,FEMALE,0,NORMAL,STRAY,7
TABBY,FEMALE,0,NORMAL,STRAY,10
WHITE,FEMALE,2,NORMAL,OWNER SURRENDER,50
TABBY,FEMALE,0,NORMAL,STRAY,16
TABBY,FEMALE,3,NORMAL,STRAY,37
BLACK,MALE,0,NORMAL,STRAY,73
TABBY,FEMALE,6,NORMAL,STRAY,122
TABBY,MALE,0,OTHER,STRAY,13
OTHER,MALE,6,NORMAL,STRAY,7
OTHER,MALE,6,NORMAL,OWNER SURRENDER,16
TABBY,MALE,6,NORMAL,STRAY,36
GRAY,FEMALE,0,NORMAL,STRAY,16
OTHER,FEMALE,0,NORMAL,OWNER SURRENDER,6
TABBY,MALE,0,NORMAL,STRAY,23
OTHER,FEMALE,2,NORMAL,STRAY,138
GRAY,MALE,0,NORMAL,STRAY,17
TABBY,FEMALE,0,OTHER,STRAY,42
BLACK,MALE,7,NORMAL,STRAY,21
GRAY,MALE,9,NORMAL,OWNER SURRENDER,24
BLACK,FEMALE,0,NORMAL,STRAY,20
OTHER,FEMALE,0,NORMAL,STRAY,25
TABBY,FEMALE,0,NORMAL,STRAY,24
GRAY,FEMALE,3,NORMAL,STRAY,15
TABBY,FEMALE,3,NORMAL,STRAY,13
BLACK,MALE,2,NORMAL,STRAY,86
BLACK,FEMALE,2,NORMAL,OWNER SURRENDER,56
GRAY,FEMALE,0,NORMAL,STRAY,41
TABBY,MALE,0,NORMAL,STRAY,32
TABBY,FEMALE,0,NORMAL,STRAY,7
BLACK,FEMALE,1,NORMAL,OWNER SURRENDER,12
TABBY,MALE,0,INJURED,STRAY,116
TABBY,MALE,0,NORMAL,OWNER SURRENDER,34
OTHER,FEMALE,4,NORMAL,OTHER,128
TABBY,MALE,0,OTHER,STRAY,21
TABBY,FEMALE,0,UNDER WEIGHT,STRAY,68
WHITE,MALE,0,UNDER WEIGHT,STRAY,19
TABBY,MALE,0,NORMAL,STRAY,7
GRAY,MALE,0,UNDER WEIGHT,STRAY,85
TABBY,MALE,0,NORMAL,STRAY,22
TABBY,MALE,3,INJURED,STRAY,103
GRAY,FEMALE,1,NORMAL,OWNER SURRENDER,126
BLACK,MALE,3,NORMAL,STRAY,37
TABBY,MALE,0,NORMAL,STRAY,31
TABBY,MALE,0,UNDER WEIGHT,STRAY,35
TABBY,FEMALE,4,NORMAL,STRAY,30
GRAY,MALE,0,NORMAL,STRAY,16
WHITE,MALE,0,NORMAL,STRAY,34
GRAY,MALE,4,NORMAL,STRAY,18
BLACK,MALE,0,NORMAL,STRAY,15
OTHER,FEMALE,2,NORMAL,OWNER SURRENDER,16
TABBY,MALE,3,NORMAL,OWNER SURRENDER,125
OTHER,FEMALE,3,NORMAL,STRAY,8
OTHER,FEMALE,0,NORMAL,STRAY,21
OTHER,MALE,1,NORMAL,STRAY,38
BLACK,FEMALE,0,UNDER WEIGHT,STRAY,123
BLACK,MALE,0,UNDER WEIGHT,STRAY,31
WHITE,FEMALE,1,NORMAL,STRAY,27
TABBY,MALE,0,NORMAL,STRAY,59
TABBY,FEMALE,0,NORMAL,STRAY,102
BLACK,MALE,0,NORMAL,STRAY,45
GRAY,FEMALE,9,NORMAL,OWNER SURRENDER,62
TABBY,FEMALE,0,NORMAL,OTHER,30
OTHER,FEMALE,0,NORMAL,OTHER,30
OTHER,MALE,0,NORMAL,STRAY,14
WHITE,MALE,7,NORMAL,OWNER SURRENDER,1
WHITE,FEMALE,7,NORMAL,OWNER SURRENDER,1
TABBY,MALE,0,UNDER WEIGHT,STRAY,20
OTHER,FEMALE,0,NORMAL,STRAY,12
TABBY,MALE,4,NORMAL,STRAY,61
BLACK,MALE,0,UNDER WEIGHT,STRAY,67
TABBY,FEMALE,0,NORMAL,STRAY,91
TABBY,MALE,0,UNDER WEIGHT,STRAY,72
OTHER,FEMALE,3,NORMAL,OWNER SURRENDER,14
BLACK,MALE,0,NORMAL,STRAY,81
WHITE,MALE,0,NORMAL,STRAY,4
BLACK,MALE,0,NORMAL,OWNER SURRENDER,91
BLACK,FEMALE,0,UNDER WEIGHT,STRAY,76
BLACK,MALE,0,NORMAL,STRAY,39
GRAY,FEMALE,0,INJURED,STRAY,53
OTHER,FEMALE,3,NORMAL,STRAY,71
OTHER,FEMALE,1,NORMAL,STRAY,75
TABBY,FEMALE,0,NORMAL,STRAY,27
BLACK,FEMALE,8,NORMAL,OWNER SURRENDER,71
TABBY,MALE,4,NORMAL,OWNER SURRENDER,65
OTHER,FEMALE,0,NORMAL,STRAY,40
OTHER,FEMALE,0,NORMAL,STRAY,40
OTHER,FEMALE,1,NORMAL,OWNER SURRENDER,60
TABBY,FEMALE,0,NORMAL,STRAY,76
OTHER,FEMALE,0,NORMAL,STRAY,54
TABBY,MALE,0,OTHER,STRAY,42
TABBY,FEMALE,0,NORMAL,STRAY,6
GRAY,FEMALE,0,NORMAL,STRAY,41
TABBY,MALE,0,OTHER,STRAY,30
BLACK,FEMALE,2,NORMAL,OTHER,23
OTHER,FEMALE,4,NORMAL,STRAY,38
OTHER,FEMALE,0,NORMAL,STRAY,77
TABBY,FEMALE,8,NORMAL,OWNER SURRENDER,16
WHITE,MALE,0,NORMAL,STRAY,10
OTHER,FEMALE,1,NORMAL,STRAY,9
TABBY,FEMALE,1,INJURED,STRAY,38
OTHER,MALE,6,NORMAL,OWNER SURRENDER,29
TABBY,FEMALE,0,NORMAL,STRAY,21
OTHER,FEMALE,0,NORMAL,OWNER SURRENDER,11
OTHER,FEMALE,2,NORMAL,STRAY,6
OTHER,FEMALE,0,NORMAL,STRAY,29
BLACK,FEMALE,0,UNDER WEIGHT,STRAY,1
OTHER,FEMALE,0,ILL,STRAY,21
BLACK,MALE,1,NORMAL,STRAY,108
TABBY,FEMALE,2,NORMAL,STRAY,70
BLACK,MALE,0,UNDER WEIGHT,STRAY,63
BLACK,FEMALE,0,OTHER,STRAY,32
BLACK,MALE,0,NORMAL,STRAY,7
OTHER,FEMALE,0,OTHER,STRAY,54
OTHER,FEMALE,0,OTHER,STRAY,98
BLACK,MALE,0,OTHER,STRAY,105
OTHER,FEMALE,0,UNDER WEIGHT,STRAY,29
OTHER,MALE,0,UNDER WEIGHT,STRAY,15
TABBY,FEMALE,0,UNDER WEIGHT,STRAY,20
BLACK,MALE,0,UNDER WEIGHT,STRAY,8
TABBY,FEMALE,0,UNDER WEIGHT,STRAY,8
WHITE,MALE,0,NORMAL,STRAY,3
TABBY,MALE,0,NORMAL,STRAY,3
OTHER,FEMALE,0,UNDER WEIGHT,STRAY,21
TABBY,FEMALE,0,UNDER WEIGHT,STRAY,6
TABBY,FEMALE,0,UNDER WEIGHT,STRAY,9
BLACK,MALE,0,NORMAL,STRAY,3
TABBY,FEMALE,0,NORMAL,STRAY,18
GRAY,MALE,0,NORMAL,STRAY,70
GRAY,FEMALE,0,NORMAL,STRAY,70
BLACK,MALE,0,NORMAL,STRAY,112
BLACK,FEMALE,4,NORMAL,STRAY,12
TABBY,MALE,0,NORMAL,STRAY,69
TABBY,MALE,0,NORMAL,STRAY,42
BLACK,FEMALE,0,UNDER WEIGHT,STRAY,62
TABBY,MALE,0,UNDER WEIGHT,STRAY,30
TABBY,MALE,0,NORMAL,STRAY,21
OTHER,FEMALE,0,NORMAL,STRAY,13
TABBY,FEMALE,0,NORMAL,STRAY,49
BLACK,MALE,0,INJURED,STRAY,46
TABBY,FEMALE,0,NORMAL,STRAY,120
GRAY,FEMALE,0,NORMAL,STRAY,24
GRAY,MALE,1,NORMAL,OWNER SURRENDER,17
GRAY,MALE,0,ILL,STRAY,41
BLACK,FEMALE,0,NORMAL,OWNER SURRENDER,14
TABBY,MALE,0,NORMAL,STRAY,12
WHITE,MALE,0,UNDER WEIGHT,STRAY,36
BLACK,MALE,1,NORMAL,OWNER SURRENDER,116
TABBY,FEMALE,0,NORMAL,STRAY,16
TABBY,FEMALE,0,NORMAL,STRAY,15
TABBY,MALE,0,NORMAL,STRAY,72
TABBY,FEMALE,0,OTHER,STRAY,21
TABBY,FEMALE,0,NORMAL,STRAY,4
OTHER,MALE,0,UNDER WEIGHT,STRAY,90
TABBY,MALE,1,NORMAL,STRAY,70
TABBY,FEMALE,2,NORMAL,STRAY,107
TABBY,FEMALE,0,NORMAL,STRAY,84
TABBY,FEMALE,0,ILL,STRAY,41
BLACK,MALE,0,UNDER WEIGHT,STRAY,65
BLACK,MALE,0,UNDER WEIGHT,STRAY,4
TABBY,MALE,0,NORMAL,OWNER SURRENDER,72
BLACK,MALE,0,UNDER WEIGHT,STRAY,83
OTHER,FEMALE,0,NORMAL,STRAY,65
OTHER,MALE,0,UNDER WEIGHT,STRAY,13
TABBY,MALE,0,NORMAL,STRAY,96
TABBY,FEMALE,0,NORMAL,STRAY,35
OTHER,MALE,0,NORMAL,STRAY,14
BLACK,MALE,0,NORMAL,STRAY,21
BLACK,FEMALE,5,NORMAL,OWNER SURRENDER,29
GRAY,MALE,0,INJURED,STRAY,21
TABBY,FEMALE,0,NORMAL,OWNER SURRENDER,17
BLACK,MALE,2,NORMAL,OTHER,3
BLACK,MALE,1,ILL,STRAY,56
TABBY,MALE,4,NORMAL,OWNER SURRENDER,36
BLACK,FEMALE,0,NORMAL,STRAY,12
BLACK,FEMALE,0,NORMAL,OWNER SURRENDER,2
TABBY,FEMALE,2,NORMAL,OWNER SURRENDER,64
BLACK,FEMALE,0,UNDER WEIGHT,STRAY,111
OTHER,FEMALE,5,NORMAL,OTHER,85
TABBY,MALE,0,NORMAL,STRAY,12
OTHER,MALE,0,ILL,STRAY,21
TABBY,FEMALE,0,NORMAL,STRAY,6
TABBY,MALE,0,UNDER WEIGHT,STRAY,36
TABBY,FEMALE,0,NORMAL,STRAY,25
TABBY,FEMALE,3,NORMAL,OWNER SURRENDER,82
OTHER,MALE,3,NORMAL,OWNER SURRENDER,13
BLACK,MALE,2,ILL,STRAY,13
TABBY,FEMALE,0,NORMAL,OWNER SURRENDER,17
TABBY,MALE,3,NORMAL,OWNER SURRENDER,83
OTHER,MALE,0,INJURED,STRAY,17
BLACK,FEMALE,3,NORMAL,OWNER SURRENDER,14
TABBY,MALE,0,NORMAL,STRAY,5
TABBY,MALE,0,NORMAL,STRAY,21
TABBY,MALE,0,NORMAL,STRAY,15
BLACK,MALE,0,NORMAL,STRAY,103
TABBY,FEMALE,0,OTHER,OWNER SURRENDER,3
BLACK,FEMALE,2,OTHER,STRAY,23
TABBY,FEMALE,0,NORMAL,STRAY,86
BLACK,MALE,0,NORMAL,STRAY,25
BLACK,MALE,0,ILL,STRAY,9
TABBY,FEMALE,0,NORMAL,STRAY,7
BLACK,FEMALE,4,NORMAL,STRAY,16
BLACK,FEMALE,0,UNDER WEIGHT,STRAY,55
OTHER,FEMALE,1,NORMAL,STRAY,15
TABBY,MALE,0,UNDER WEIGHT,STRAY,46
OTHER,FEMALE,1,NORMAL,STRAY,6
BLACK,FEMALE,0,NORMAL,OTHER,25
OTHER,FEMALE,0,ILL,STRAY,27
OTHER,MALE,0,NORMAL,STRAY,1
TABBY,MALE,0,NORMAL,STRAY,16
TABBY,MALE,0,NORMAL,STRAY,7
OTHER,FEMALE,0,NORMAL,STRAY,11
WHITE,FEMALE,0,NORMAL,STRAY,21
GRAY,MALE,0,NORMAL,STRAY,4
OTHER,FEMALE,0,NORMAL,STRAY,66
OTHER,FEMALE,1,NORMAL,STRAY,65
WHITE,FEMALE,2,NORMAL,OWNER SURRENDER,20
TABBY,MALE,6,NORMAL,STRAY,4
TABBY,MALE,0,NORMAL,STRAY,65
WHITE,FEMALE,0,NORMAL,STRAY,7
WHITE,MALE,0,NORMAL,STRAY,7
OTHER,MALE,1,ILL,STRAY,19
OTHER,MALE,6,NORMAL,OTHER,61
BLACK,MALE,5,ILL,STRAY,24
GRAY,FEMALE,4,NORMAL,OWNER SURRENDER,16
OTHER,FEMALE,0,INJURED,STRAY,26
WHITE,FEMALE,1,NORMAL,STRAY,13
GRAY,MALE,4,INJURED,STRAY,15
BLACK,FEMALE,0,NORMAL,STRAY,11
BLACK,MALE,3,NORMAL,OWNER SURRENDER,2
BLACK,MALE,9,ILL,STRAY,12
GRAY,MALE,2,NORMAL,OWNER SURRENDER,6
GRAY,FEMALE,0,NORMAL,STRAY,6
OTHER,MALE,1,NORMAL,OTHER,3
OTHER,MALE,2,ILL,STRAY,10
BLACK,MALE,2,NORMAL,STRAY,44
BLACK,FEMALE,0,UNDER WEIGHT,STRAY,84
BLACK,MALE,0,NORMAL,STRAY,4
TABBY,MALE,0,UNDER WEIGHT,STRAY,90
TABBY,FEMALE,0,UNDER WEIGHT,STRAY,100
BLACK,MALE,0,UNDER WEIGHT,STRAY,98
BLACK,FEMALE,0,OTHER,STRAY,15
BLACK,MALE,2,NORMAL,STRAY,7
TABBY,MALE,0,NORMAL,STRAY,6
BLACK,FEMALE,0,UNDER WEIGHT,STRAY,82
TABBY,MALE,0,ILL,STRAY,7
BLACK,MALE,0,NORMAL,STRAY,8
TABBY,MALE,0,NORMAL,STRAY,48
BLACK,MALE,3,NORMAL,OTHER,91
BLACK,FEMALE,0,UNDER WEIGHT,STRAY,144
TABBY,MALE,0,NORMAL,STRAY,64
TABBY,MALE,0,NORMAL,STRAY,9
OTHER,MALE,2,NORMAL,OWNER SURRENDER,53
OTHER,FEMALE,0,NORMAL,STRAY,24
TABBY,MALE,0,UNDER WEIGHT,STRAY,39
BLACK,MALE,0,NORMAL,STRAY,81
BLACK,FEMALE,0,ILL,STRAY,57
GRAY,MALE,0,INJURED,STRAY,22
BLACK,MALE,0,NORMAL,STRAY,128
TABBY,MALE,0,NORMAL,STRAY,73
TABBY,MALE,0,NORMAL,STRAY,24
BLACK,FEMALE,1,NORMAL,OWNER SURRENDER,148
OTHER,MALE,0,NORMAL,STRAY,33
TABBY,MALE,2,NORMAL,STRAY,48
OTHER,MALE,0,ILL,STRAY,38
OTHER,FEMALE,0,UNDER WEIGHT,STRAY,19
GRAY,FEMALE,0,NORMAL,STRAY,121
TABBY,MALE,2,NORMAL,STRAY,103
BLACK,MALE,0,NORMAL,STRAY,9
OTHER,FEMALE,0,NORMAL,STRAY,4
TABBY,MALE,0,INJURED,STRAY,28
GRAY,FEMALE,0,NORMAL,STRAY,69
TABBY,FEMALE,0,NORMAL,STRAY,15
BLACK,MALE,4,NORMAL,STRAY,55
BLACK,FEMALE,0,NORMAL,STRAY,16
GRAY,MALE,0,ILL,OWNER SURRENDER,85
GRAY,MALE,0,NORMAL,STRAY,68
BLACK,FEMALE,6,NORMAL,OWNER SURRENDER,52
WHITE,FEMALE,7,ILL,STRAY,92
WHITE,MALE,2,ILL,STRAY,42
BLACK,MALE,0,ILL,STRAY,64
GRAY,FEMALE,0,UNDER WEIGHT,STRAY,1
TABBY,MALE,0,NORMAL,STRAY,0
OTHER,MALE,0,NORMAL,STRAY,117
BLACK,MALE,0,NORMAL,STRAY,13
GRAY,FEMALE,8,NORMAL,OWNER SURRENDER,21
GRAY,FEMALE,0,NORMAL,OWNER SURRENDER,6
GRAY,MALE,0,NORMAL,OWNER SURRENDER,97
TABBY,FEMALE,1,NORMAL,OWNER SURRENDER,43
OTHER,FEMALE,0,NORMAL,OWNER SURRENDER,3
TABBY,FEMALE,3,NORMAL,OTHER,14
BLACK,MALE,2,NORMAL,STRAY,41
GRAY,FEMALE,0,UNDER WEIGHT,STRAY,48
TABBY,MALE,3,NORMAL,STRAY,37
OTHER,FEMALE,3,OTHER,OTHER,14
OTHER,MALE,1,NORMAL,OWNER SURRENDER,9
TABBY,MALE,0,NORMAL,STRAY,8
BLACK,MALE,0,NORMAL,STRAY,44
TABBY,FEMALE,0,UNDER WEIGHT,STRAY,104
BLACK,FEMALE,0,UNDER WEIGHT,STRAY,21
OTHER,FEMALE,1,NORMAL,STRAY,54
OTHER,FEMALE,0,NORMAL,STRAY,50
TABBY,MALE,8,NORMAL,OTHER,34
TABBY,FEMALE,0,UNDER WEIGHT,STRAY,14
BLACK,FEMALE,1,NORMAL,STRAY,37
BLACK,MALE,0,NORMAL,STRAY,37
BLACK,MALE,7,INJURED,STRAY,57
BLACK,FEMALE,0,UNDER WEIGHT,STRAY,97
TABBY,FEMALE,0,UNDER WEIGHT,STRAY,7
TABBY,FEMALE,0,ILL,STRAY,16
BLACK,MALE,0,ILL,STRAY,15
BLACK,FEMALE,0,UNDER WEIGHT,STRAY,27
OTHER,MALE,0,UNDER WEIGHT,STRAY,70
WHITE,FEMALE,0,UNDER WEIGHT,STRAY,8
WHITE,MALE,0,ILL,STRAY,39
OTHER,MALE,0,INJURED,STRAY,7
BLACK,FEMALE,0,UNDER WEIGHT,STRAY,28
OTHER,FEMALE,7,NORMAL,OTHER,16
OTHER,MALE,0,NORMAL,STRAY,7
BLACK,MALE,0,NORMAL,STRAY,42
TABBY,MALE,0,UNDER WEIGHT,STRAY,6
TABBY,FEMALE,0,UNDER WEIGHT,STRAY,24
GRAY,MALE,0,UNDER WEIGHT,STRAY,23
WHITE,MALE,0,NORMAL,OWNER SURRENDER,128
OTHER,FEMALE,1,NORMAL,OWNER SURRENDER,91
BLACK,MALE,0,UNDER WEIGHT,STRAY,48
WHITE,MALE,0,UNDER WEIGHT,STRAY,43
OTHER,MALE,4,NORMAL,STRAY,50
GRAY,MALE,0,UNDER WEIGHT,STRAY,52
BLACK,MALE,0,ILL,STRAY,10
TABBY,MALE,0,INJURED,STRAY,45
BLACK,FEMALE,9,NORMAL,OWNER SURRENDER,8
OTHER,FEMALE,0,NORMAL,STRAY,10
WHITE,MALE,0,UNDER WEIGHT,STRAY,24
TABBY,MALE,0,NORMAL,STRAY,37
OTHER,FEMALE,8,INJURED,STRAY,92
TABBY,MALE,0,NORMAL,STRAY,119
TABBY,MALE,0,UNDER WEIGHT,STRAY,79
BLACK,FEMALE,0,ILL,STRAY,18
WHITE,FEMALE,1,NORMAL,OWNER SURRENDER,36
OTHER,MALE,0,NORMAL,STRAY,13
BLACK,MALE,0,UNDER WEIGHT,STRAY,58
TABBY,FEMALE,0,UNDER WEIGHT,STRAY,72
OTHER,MALE,0,UNDER WEIGHT,STRAY,6
OTHER,FEMALE,0,NORMAL,STRAY,32
OTHER,FEMALE,0,NORMAL,STRAY,75
TABBY,MALE,0,NORMAL,STRAY,3
TABBY,FEMALE,0,UNDER WEIGHT,STRAY,7
TABBY,MALE,1,NORMAL,STRAY,70
TABBY,MALE,0,NORMAL,STRAY,17
OTHER,MALE,0,NORMAL,STRAY,5
BLACK,MALE,0,NORMAL,STRAY,92
TABBY,FEMALE,3,NORMAL,OTHER,133
WHITE,FEMALE,0,NORMAL,STRAY,1
BLACK,MALE,0,UNDER WEIGHT,STRAY,23
BLACK,FEMALE,3,NORMAL,STRAY,9
BLACK,FEMALE,0,NORMAL,STRAY,42
OTHER,FEMALE,0,NORMAL,STRAY,42
GRAY,FEMALE,0,NORMAL,STRAY,17
TABBY,FEMALE,0,NORMAL,STRAY,51
OTHER,FEMALE,1,OTHER,STRAY,79
OTHER,FEMALE,1,INJURED,STRAY,73
TABBY,FEMALE,4,ILL,STRAY,39
TABBY,MALE,1,INJURED,STRAY,12
BLACK,MALE,4,NORMAL,OTHER,18
TABBY,MALE,4,ILL,STRAY,52
OTHER,MALE,0,UNDER WEIGHT,STRAY,54
BLACK,FEMALE,7,NORMAL,STRAY,18
TABBY,FEMALE,4,NORMAL,OWNER SURRENDER,20
GRAY,MALE,0,NORMAL,STRAY,30
TABBY,MALE,6,INJURED,STRAY,61
TABBY,MALE,1,NORMAL,STRAY,8
GRAY,MALE,1,NORMAL,STRAY,3
GRAY,MALE,4,NORMAL,OWNER SURRENDER,28
OTHER,MALE,0,UNDER WEIGHT,STRAY,38
BLACK,MALE,4,NORMAL,OWNER SURRENDER,30
BLACK,MALE,0,OTHER,STRAY,56
BLACK,MALE,0,UNDER WEIGHT,STRAY,39
TABBY,MALE,0,UNDER WEIGHT,STRAY,3
OTHER,MALE,0,UNDER WEIGHT,STRAY,13
OTHER,FEMALE,0,UNDER WEIGHT,STRAY,111
BLACK,MALE,0,OTHER,STRAY,17
BLACK,FEMALE,0,ILL,STRAY,39
WHITE,FEMALE,0,OTHER,OTHER,9
BLACK,MALE,0,OTHER,OTHER,90
BLACK,FEMALE,0,NORMAL,STRAY,33
BLACK,MALE,0,NORMAL,STRAY,58
TABBY,MALE,0,ILL,STRAY,117
GRAY,MALE,0,ILL,STRAY,3
TABBY,MALE,0,ILL,STRAY,91
TABBY,MALE,1,INJURED,STRAY,22
GRAY,FEMALE,0,OTHER,STRAY,103
BLACK,FEMALE,4,INJURED,STRAY,48
BLACK,MALE,0,ILL,STRAY,75
TABBY,FEMALE,0,ILL,STRAY,74
OTHER,MALE,0,INJURED,STRAY,23
GRAY,FEMALE,1,UNDER WEIGHT,STRAY,33
OTHER,FEMALE,0,ILL,STRAY,49
BLACK,MALE,0,UNDER WEIGHT,STRAY,128
OTHER,FEMALE,2,NORMAL,STRAY,56
TABBY,MALE,0,UNDER WEIGHT,STRAY,98
TABBY,MALE,0,NORMAL,STRAY,48
BLACK,MALE,0,UNDER WEIGHT,STRAY,59
WHITE,FEMALE,0,NORMAL,OWNER SURRENDER,80
OTHER,FEMALE,0,UNDER WEIGHT,STRAY,85
OTHER,FEMALE,0,UNDER WEIGHT,STRAY,50
GRAY,MALE,1,NORMAL,OWNER SURRENDER,46
TABBY,FEMALE,0,UNDER WEIGHT,STRAY,81
TABBY,MALE,0,UNDER WEIGHT,STRAY,138
TABBY,FEMALE,0,NORMAL,STRAY,72
TABBY,FEMALE,0,NORMAL,OWNER SURRENDER,96
WHITE,MALE,0,UNDER WEIGHT,STRAY,105
BLACK,MALE,0,UNDER WEIGHT,STRAY,6
TABBY,MALE,0,NORMAL,STRAY,38
TABBY,MALE,5,INJURED,OWNER SURRENDER,65
OTHER,FEMALE,0,NORMAL,STRAY,96
TABBY,MALE,9,NORMAL,STRAY,82
BLACK,FEMALE,5,NORMAL,OTHER,78
BLACK,MALE,0,NORMAL,STRAY,3
OTHER,MALE,6,NORMAL,OWNER SURRENDER,35
OTHER,FEMALE,0,NORMAL,STRAY,29
BLACK,MALE,0,OTHER,STRAY,35
OTHER,FEMALE,0,OTHER,OTHER,12
TABBY,FEMALE,8,ILL,STRAY,31
TABBY,FEMALE,2,NORMAL,STRAY,15
TABBY,FEMALE,2,NORMAL,OWNER SURRENDER,7
BLACK,MALE,1,NORMAL,STRAY,5
BLACK,MALE,0,NORMAL,STRAY,11
BLACK,MALE,0,OTHER,OTHER,86
OTHER,MALE,0,NORMAL,STRAY,11
BLACK,FEMALE,0,NORMAL,STRAY,40
GRAY,MALE,0,ILL,OWNER SURRENDER,25
BLACK,FEMALE,1,NORMAL,OWNER SURRENDER,6
BLACK,MALE,4,NORMAL,STRAY,11
BLACK,MALE,5,NORMAL,OWNER SURRENDER,10
OTHER,FEMALE,0,INJURED,STRAY,16
OTHER,FEMALE,0,NORMAL,STRAY,8
OTHER,FEMALE,1,NORMAL,OWNER SURRENDER,23
GRAY,MALE,1,INJURED,STRAY,32
TABBY,MALE,6,NORMAL,STRAY,25
OTHER,FEMALE,0,NORMAL,STRAY,7
BLACK,MALE,0,INJURED,STRAY,3
BLACK,FEMALE,7,NORMAL,STRAY,50
TABBY,MALE,7,NORMAL,OTHER,34
TABBY,MALE,0,NORMAL,STRAY,40
TABBY,FEMALE,0,NORMAL,STRAY,19
BLACK,FEMALE,4,NORMAL,OWNER SURRENDER,51
BLACK,MALE,0,NORMAL,STRAY,57
OTHER,FEMALE,0,NORMAL,STRAY,6
WHITE,MALE,0,NORMAL,STRAY,9
OTHER,FEMALE,0,ILL,OWNER SURRENDER,2
TABBY,FEMALE,6,NORMAL,STRAY,21
BLACK,FEMALE,0,NORMAL,OTHER,9
TABBY,MALE,0,NORMAL,STRAY,6
TABBY,MALE,0,OTHER,STRAY,27
BLACK,MALE,0,NORMAL,OWNER SURRENDER,9
OTHER,FEMALE,0,OTHER,STRAY,64
TABBY,MALE,5,INJURED,STRAY,147
GRAY,MALE,0,NORMAL,STRAY,2
BLACK,FEMALE,1,NORMAL,STRAY,72
BLACK,MALE,0,NORMAL,STRAY,14
GRAY,MALE,0,NORMAL,STRAY,5
GRAY,MALE,0,NORMAL,STRAY,66
GRAY,FEMALE,2,NORMAL,STRAY,24
BLACK,MALE,0,NORMAL,STRAY,23
OTHER,FEMALE,0,UNDER WEIGHT,STRAY,51
BLACK,MALE,0,UNDER WEIGHT,STRAY,71
GRAY,MALE,5,NORMAL,STRAY,98
TABBY,MALE,9,INJURED,STRAY,32
BLACK,MALE,0,NORMAL,STRAY,77
TABBY,FEMALE,0,UNDER WEIGHT,STRAY,38
WHITE,FEMALE,0,NORMAL,STRAY,28
OTHER,FEMALE,0,NORMAL,STRAY,18
OTHER,FEMALE,3,NORMAL,STRAY,59
TABBY,FEMALE,0,NORMAL,STRAY,8
TABBY,MALE,0,NORMAL,STRAY,8
TABBY,FEMALE,0,NORMAL,STRAY,15
BLACK,MALE,0,NORMAL,STRAY,50
BLACK,FEMALE,0,UNDER WEIGHT,STRAY,26
OTHER,FEMALE,0,NORMAL,STRAY,55
TABBY,FEMALE,0,OTHER,STRAY,17
BLACK,FEMALE,0,NORMAL,STRAY,27
BLACK,MALE,0,NORMAL,STRAY,63
BLACK,MALE,4,NORMAL,STRAY,24
TABBY,FEMALE,0,NORMAL,STRAY,7
WHITE,FEMALE,1,NORMAL,OTHER,18
OTHER,FEMALE,0,ILL,STRAY,27
WHITE,FEMALE,4,NORMAL,STRAY,43
GRAY,FEMALE,5,NORMAL,STRAY,35
TABBY,MALE,3,INJURED,STRAY,28
TABBY,MALE,4,NORMAL,STRAY,14
OTHER,FEMALE,1,NORMAL,STRAY,10
TABBY,FEMALE,2,NORMAL,OTHER,13
TABBY,FEMALE,0,NORMAL,STRAY,107
BLACK,FEMALE,9,ILL,OTHER,117
WHITE,FEMALE,6,NORMAL,STRAY,82
BLACK,MALE,7,INJURED,STRAY,9
TABBY,FEMALE,2,ILL,STRAY,15
OTHER,MALE,2,NORMAL,OWNER SURRENDER,16
OTHER,FEMALE,0,NORMAL,STRAY,5
OTHER,FEMALE,0,NORMAL,STRAY,76
OTHER,FEMALE,8,INJURED,STRAY,18
GRAY,FEMALE,1,NORMAL,OWNER SURRENDER,49
OTHER,MALE,3,NORMAL,OWNER SURRENDER,121
TABBY,FEMALE,1,NORMAL,STRAY,118
OTHER,MALE,4,NORMAL,STRAY,7
BLACK,FEMALE,0,UNDER WEIGHT,STRAY,90
OTHER,FEMALE,0,NORMAL,STRAY,89
TABBY,MALE,0,NORMAL,STRAY,5
WHITE,FEMALE,0,NORMAL,STRAY,11
OTHER,FEMALE,0,NORMAL,STRAY,3
WHITE,MALE,4,OTHER,OTHER,27
TABBY,MALE,2,NORMAL,OWNER SURRENDER,43
WHITE,MALE,0,NORMAL,OTHER,64
BLACK,MALE,0,INJURED,STRAY,46
GRAY,FEMALE,0,NORMAL,OTHER,89
TABBY,FEMALE,0,NORMAL,STRAY,35
GRAY,MALE,0,OTHER,STRAY,55
TABBY,MALE,0,NORMAL,STRAY,33
TABBY,FEMALE,0,NORMAL,STRAY,31
TABBY,FEMALE,0,UNDER WEIGHT,STRAY,104
TABBY,FEMALE,0,UNDER WEIGHT,STRAY,75
TABBY,MALE,3,NORMAL,STRAY,19
GRAY,MALE,0,NORMAL,STRAY,11
TABBY,FEMALE,0,UNDER WEIGHT,STRAY,41
GRAY,FEMALE,0,ILL,STRAY,4
OTHER,FEMALE,0,UNDER WEIGHT,STRAY,103
TABBY,MALE,4,NORMAL,STRAY,31
OTHER,FEMALE,3,NORMAL,STRAY,29
GRAY,MALE,3,NORMAL,STRAY,21
BLACK,MALE,0,NORMAL,STRAY,33
BLACK,MALE,6,ILL,STRAY,15
TABBY,MALE,2,INJURED,STRAY,136
GRAY,MALE,0,NORMAL,STRAY,15
BLACK,MALE,0,UNDER WEIGHT,STRAY,104
GRAY,MALE,2,NORMAL,OTHER,10
GRAY,FEMALE,0,INJURED,STRAY,25
OTHER,MALE,2,NORMAL,STRAY,16
TABBY,FEMALE,0,UNDER WEIGHT,STRAY,18
BLACK,MALE,0,NORMAL,OTHER,55
WHITE,MALE,6,NORMAL,OWNER SURRENDER,28
GRAY,FEMALE,0,NORMAL,STRAY,117
OTHER,FEMALE,0,NORMAL,STRAY,117
BLACK,MALE,4,INJURED,STRAY,10
TABBY,MALE,0,NORMAL,OWNER SURRENDER,10
OTHER,MALE,7,NORMAL,OWNER SURRENDER,55
TABBY,MALE,0,INJURED,STRAY,17
GRAY,MALE,0,NORMAL,OWNER SURRENDER,15
TABBY,FEMALE,3,NORMAL,STRAY,8
BLACK,MALE,0,NORMAL,STRAY,60
GRAY,MALE,5,OTHER,OWNER SURRENDER,147
BLACK,FEMALE,0,NORMAL,STRAY,10
BLACK,MALE,0,UNDER WEIGHT,STRAY,127
BLACK,MALE,0,UNDER WEIGHT,STRAY,96
TABBY,MALE,0,ILL,STRAY,21
BLACK,FEMALE,1,NORMAL,OWNER SURRENDER,14
GRAY,FEMALE,0,NORMAL,STRAY,137
OTHER,FEMALE,0,NORMAL,STRAY,52
GRAY,MALE,0,UNDER WEIGHT,STRAY,51
OTHER,FEMALE,0,UNDER WEIGHT,STRAY,49
BLACK,MALE,0,NORMAL,STRAY,46
OTHER,FEMALE,0,UNDER WEIGHT,STRAY,61
BLACK,MALE,1,NORMAL,OWNER SURRENDER,122
OTHER,FEMALE,6,NORMAL,OWNER SURRENDER,3
GRAY,MALE,0,ILL,STRAY,2
GRAY,FEMALE,1,OTHER,OWNER SURRENDER,98
BLACK,MALE,4,NORMAL,STRAY,12
BLACK,MALE,1,INJURED,STRAY,104
GRAY,MALE,0,NORMAL,OWNER SURRENDER,27
GRAY,FEMALE,0,UNDER WEIGHT,STRAY,2
WHITE,FEMALE,0,UNDER WEIGHT,STRAY,7
BLACK,FEMALE,0,UNDER WEIGHT,STRAY,20
OTHER,FEMALE,8,NORMAL,OWNER SURRENDER,30
OTHER,FEMALE,2,NORMAL,OWNER SURRENDER,36
OTHER,FEMALE,1,NORMAL,OWNER SURRENDER,41
GRAY,FEMALE,0,NORMAL,STRAY,20
GRAY,FEMALE,0,NORMAL,STRAY,62
BLACK,MALE,1,NORMAL,OWNER SURRENDER,22
BLACK,MALE,0,UNDER WEIGHT,STRAY,1
TABBY,MALE,0,NORMAL,STRAY,14
TABBY,FEMALE,0,UNDER WEIGHT,STRAY,10
TABBY,FEMALE,3,NORMAL,STRAY,18
OTHER,FEMALE,1,INJURED,STRAY,11
WHITE,MALE,0,NORMAL,STRAY,6
OTHER,FEMALE,0,NORMAL,STRAY,1
BLACK,MALE,0,ILL,STRAY,77
OTHER,FEMALE,0,UNDER WEIGHT,STRAY,17
TABBY,MALE,0,NORMAL,STRAY,1
BLACK,FEMALE,0,NORMAL,STRAY,26
BLACK,MALE,0,UNDER WEIGHT,STRAY,68
TABBY,MALE,0,NORMAL,OTHER,14
BLACK,MALE,0,UNDER WEIGHT,STRAY,28
TABBY,MALE,0,UNDER WEIGHT,STRAY,22
BLACK,FEMALE,0,ILL,STRAY,15
TABBY,FEMALE,0,ILL,STRAY,44
WHITE,FEMALE,0,NORMAL,STRAY,44
OTHER,FEMALE,0,UNDER WEIGHT,STRAY,32
GRAY,FEMALE,0,UNDER WEIGHT,STRAY,27
TABBY,MALE,0,UNDER WEIGHT,STRAY,34
WHITE,MALE,5,NORMAL,OWNER SURRENDER,41
BLACK,MALE,0,UNDER WEIGHT,STRAY,13
GRAY,FEMALE,0,ILL,STRAY,125
TABBY,FEMALE,1,INJURED,STRAY,127
BLACK,MALE,0,UNDER WEIGHT,STRAY,17
TABBY,MALE,2,OTHER,OWNER SURRENDER,110
GRAY,MALE,0,ILL,STRAY,24
TABBY,FEMALE,0,ILL,STRAY,15
OTHER,FEMALE,0,ILL,STRAY,37
OTHER,FEMALE,1,NORMAL,OWNER SURRENDER,98
OTHER,FEMALE,0,UNDER WEIGHT,STRAY,21
GRAY,FEMALE,0,NORMAL,OTHER,2
BLACK,MALE,0,NORMAL,STRAY,94
BLACK,FEMALE,0,NORMAL,STRAY,113
GRAY,FEMALE,0,NORMAL,STRAY,3
TABBY,FEMALE,0,NORMAL,STRAY,2
OTHER,MALE,0,UNDER WEIGHT,STRAY,6
OTHER,MALE,1,NORMAL,STRAY,106
WHITE,FEMALE,0,UNDER WEIGHT,STRAY,41
BLACK,MALE,0,ILL,STRAY,42
WHITE,MALE,0,ILL,STRAY,29
GRAY,MALE,0,OTHER,STRAY,0
OTHER,FEMALE,4,INJURED,STRAY,6
TABBY,MALE,0,INJURED,STRAY,32
OTHER,FEMALE,0,UNDER WEIGHT,STRAY,139
OTHER,FEMALE,0,ILL,STRAY,145
TABBY,MALE,0,ILL,STRAY,6
OTHER,FEMALE,7,NORMAL,OWNER SURRENDER,21
BLACK,MALE,2,ILL,STRAY,64
BLACK,FEMALE,0,ILL,STRAY,4
OTHER,MALE,0,ILL,STRAY,29
TABBY,FEMALE,1,ILL,STRAY,85
GRAY,MALE,0,UNDER WEIGHT,STRAY,17
OTHER,MALE,0,UNDER WEIGHT,STRAY,9
BLACK,FEMALE,0,NORMAL,STRAY,9
GRAY,MALE,0,OTHER,STRAY,31
TABBY,FEMALE,8,NORMAL,OTHER,45
BLACK,MALE,0,UNDER WEIGHT,STRAY,22
OTHER,MALE,2,INJURED,STRAY,98
OTHER,MALE,0,NORMAL,OTHER,14
BLACK,FEMALE,0,NORMAL,STRAY,115
TABBY,FEMALE,0,ILL,STRAY,65
WHITE,MALE,0,ILL,STRAY,2
WHITE,FEMALE,0,NORMAL,STRAY,34
BLACK,MALE,0,ILL,STRAY,131
BLACK,MALE,0,ILL,STRAY,37
TABBY,MALE,0,UNDER WEIGHT,STRAY,131
BLACK,MALE,0,ILL,STRAY,116
GRAY,MALE,0,UNDER WEIGHT,STRAY,67
WHITE,MALE,1,INJURED,STRAY,69
BLACK,MALE,0,ILL,STRAY,104
BLACK,MALE,0,UNDER WEIGHT,STRAY,108
BLACK,FEMALE,0,OTHER,STRAY,93
BLACK,MALE,0,NORMAL,STRAY,104
BLACK,FEMALE,2,OTHER,STRAY,82
WHITE,MALE,0,ILL,STRAY,87
BLACK,FEMALE,0,NORMAL,STRAY,32
WHITE,FEMALE,0,NORMAL,STRAY,46
OTHER,MALE,8,NORMAL,OWNER SURRENDER,66
BLACK,MALE,6,NORMAL,OWNER SURRENDER,66
OTHER,FEMALE,8,NORMAL,OWNER SURRENDER,49
TABBY,FEMALE,6,NORMAL,STRAY,37
TABBY,MALE,5,NORMAL,OWNER SURRENDER,70
GRAY,MALE,6,OTHER,OTHER,14
BLACK,MALE,0,NORMAL,STRAY,16
WHITE,FEMALE,0,NORMAL,STRAY,6
TABBY,MALE,3,NORMAL,STRAY,7
GRAY,FEMALE,7,NORMAL,OWNER SURRENDER,68
GRAY,FEMALE,2,NORMAL,STRAY,10
OTHER,MALE,4,NORMAL,OWNER SURRENDER,86
TABBY,MALE,4,NORMAL,OWNER SURRENDER,88
TABBY,MALE,8,ILL,STRAY,52
TABBY,MALE,0,NORMAL,STRAY,11
OTHER,FEMALE,4,NORMAL,OWNER SURRENDER,50
WHITE,MALE,0,NORMAL,STRAY,116
TABBY,MALE,4,NORMAL,STRAY,65
TABBY,MALE,7,NORMAL,STRAY,45
OTHER,MALE,3,NORMAL,OTHER,18
BLACK,MALE,0,NORMAL,STRAY,76
TABBY,MALE,0,NORMAL,STRAY,10
TABBY,MALE,7,NORMAL,OWNER SURRENDER,23
TABBY,MALE,0,OTHER,STRAY,9
BLACK,FEMALE,0,NORMAL,STRAY,14
TABBY,MALE,0,NORMAL,STRAY,11
WHITE,FEMALE,2,NORMAL,STRAY,13
TABBY,FEMALE,0,OTHER,STRAY,10
TABBY,MALE,0,NORMAL,STRAY,12
TABBY,FEMALE,0,NORMAL,OWNER SURRENDER,6
TABBY,MALE,6,OTHER,STRAY,62
OTHER,FEMALE,4,NORMAL,STRAY,18
OTHER,FEMALE,0,NORMAL,STRAY,15
TABBY,FEMALE,0,OTHER,STRAY,69
TABBY,MALE,0,OTHER,STRAY,21
TABBY,MALE,0,NORMAL,STRAY,18
OTHER,FEMALE,0,ILL,STRAY,1
BLACK,FEMALE,0,NORMAL,STRAY,22
TABBY,FEMALE,3,NORMAL,OWNER SURRENDER,23
OTHER,MALE,0,OTHER,STRAY,25
TABBY,MALE,0,NORMAL,STRAY,9
BLACK,MALE,0,NORMAL,STRAY,13
TABBY,MALE,0,NORMAL,STRAY,9
OTHER,FEMALE,3,NORMAL,STRAY,12
GRAY,MALE,0,OTHER,STRAY,36
GRAY,MALE,0,UNDER WEIGHT,STRAY,5
OTHER,FEMALE,0,UNDER WEIGHT,STRAY,67
BLACK,MALE,0,NORMAL,STRAY,49
TABBY,FEMALE,3,NORMAL,STRAY,146
OTHER,MALE,0,OTHER,STRAY,28
TABBY,MALE,0,UNDER WEIGHT,STRAY,34
OTHER,MALE,0,UNDER WEIGHT,STRAY,143
TABBY,MALE,4,NORMAL,STRAY,27
OTHER,MALE,0,NORMAL,STRAY,30
BLACK,MALE,8,NORMAL,OWNER SURRENDER,139
TABBY,MALE,0,NORMAL,STRAY,112
OTHER,MALE,0,UNDER WEIGHT,STRAY,122
BLACK,FEMALE,0,UNDER WEIGHT,STRAY,122
TABBY,MALE,2,NORMAL,STRAY,9
OTHER,MALE,4,NORMAL,STRAY,12
OTHER,MALE,0,NORMAL,STRAY,11
TABBY,MALE,6,NORMAL,STRAY,6
OTHER,MALE,0,OTHER,STRAY,15
OTHER,MALE,3,NORMAL,OWNER SURRENDER,3
BLACK,FEMALE,4,NORMAL,STRAY,11
BLACK,MALE,4,NORMAL,OWNER SURRENDER,28
TABBY,MALE,0,INJURED,STRAY,8
BLACK,FEMALE,0,NORMAL,STRAY,27
WHITE,FEMALE,0,NORMAL,OWNER SURRENDER,90
TABBY,MALE,0,NORMAL,STRAY,6
TABBY,MALE,3,NORMAL,STRAY,6
BLACK,FEMALE,0,NORMAL,STRAY,7
OTHER,FEMALE,1,NORMAL,OTHER,74
BLACK,MALE,0,INJURED,STRAY,35
OTHER,FEMALE,3,NORMAL,STRAY,8
BLACK,MALE,0,NORMAL,STRAY,52
BLACK,MALE,0,OTHER,STRAY,17
TABBY,MALE,0,NORMAL,STRAY,5
OTHER,FEMALE,0,NORMAL,STRAY,16
TABBY,MALE,0,NORMAL,STRAY,62
WHITE,FEMALE,0,NORMAL,STRAY,8
BLACK,FEMALE,0,NORMAL,STRAY,35
BLACK,FEMALE,0,UNDER WEIGHT,STRAY,47
OTHER,MALE,5,NORMAL,OWNER SURRENDER,99
TABBY,MALE,0,OTHER,STRAY,55
TABBY,MALE,0,NORMAL,STRAY,72
OTHER,FEMALE,4,NORMAL,STRAY,57
TABBY,MALE,0,NORMAL,STRAY,8
GRAY,MALE,1,NORMAL,STRAY,106
TABBY,MALE,3,NORMAL,OWNER SURRENDER,10
WHITE,FEMALE,0,OTHER,STRAY,38
OTHER,FEMALE,0,OTHER,STRAY,41
BLACK,FEMALE,5,NORMAL,OWNER SURRENDER,68
OTHER,MALE,0,NORMAL,STRAY,12
WHITE,MALE,8,NORMAL,OWNER SURRENDER,18
TABBY,MALE,0,NORMAL,STRAY,32
TABBY,MALE,0,NORMAL,STRAY,56
WHITE,FEMALE,0,UNDER WEIGHT,STRAY,133
TABBY,FEMALE,9,NORMAL,OWNER SURRENDER,4
BLACK,MALE,0,NORMAL,STRAY,12
GRAY,MALE,0,NORMAL,OWNER SURRENDER,94
TABBY,FEMALE,0,INJURED,STRAY,22
OTHER,MALE,0,NORMAL,STRAY,24
OTHER,FEMALE,0,NORMAL,STRAY,67
TABBY,FEMALE,0,NORMAL,STRAY,50
TABBY,FEMALE,0,NORMAL,STRAY,95
GRAY,FEMALE,9,NORMAL,STRAY,94
BLACK,MALE,0,NORMAL,STRAY,78
BLACK,MALE,3,NORMAL,STRAY,7
TABBY,MALE,0,NORMAL,STRAY,22
TABBY,FEMALE,0,NORMAL,STRAY,96
BLACK,FEMALE,0,NORMAL,STRAY,96
GRAY,FEMALE,4,OTHER,OWNER SURRENDER,54
OTHER,MALE,0,ILL,STRAY,36
BLACK,MALE,0,UNDER WEIGHT,STRAY,32
TABBY,FEMALE,4,NORMAL,STRAY,99
WHITE,FEMALE,3,NORMAL,STRAY,66
TABBY,FEMALE,3,NORMAL,STRAY,52
TABBY,MALE,0,OTHER,STRAY,43
OTHER,FEMALE,0,NORMAL,STRAY,19
TABBY,MALE,0,NORMAL,STRAY,23
TABBY,FEMALE,0,OTHER,STRAY,20
OTHER,FEMALE,4,ILL,OWNER SURRENDER,32
WHITE,FEMALE,4,NORMAL,STRAY,28
BLACK,FEMALE,3,NORMAL,OWNER SURRENDER,25
BLACK,MALE,2,NORMAL,OTHER,25
TABBY,MALE,0,NORMAL,STRAY,47
BLACK,FEMALE,0,NORMAL,STRAY,4
OTHER,FEMALE,1,NORMAL,STRAY,86
OTHER,FEMALE,4,NORMAL,OTHER,32
BLACK,MALE,0,INJURED,STRAY,5
BLACK,FEMALE,8,NORMAL,OWNER SURRENDER,146
BLACK,MALE,8,NORMAL,OWNER SURRENDER,46
OTHER,FEMALE,1,NORMAL,STRAY,27
TABBY,MALE,0,UNDER WEIGHT,STRAY,89
OTHER,MALE,0,UNDER WEIGHT,STRAY,105
WHITE,FEMALE,0,INJURED,STRAY,25
OTHER,FEMALE,0,UNDER WEIGHT,STRAY,69
BLACK,MALE,0,UNDER WEIGHT,STRAY,22
BLACK,FEMALE,0,INJURED,STRAY,76
TABBY,FEMALE,0,UNDER WEIGHT,STRAY,62
TABBY,MALE,1,INJURED,STRAY,9
TABBY,MALE,0,ILL,STRAY,56
GRAY,FEMALE,0,UNDER WEIGHT,STRAY,84
BLACK,FEMALE,0,UNDER WEIGHT,STRAY,8
OTHER,MALE,4,NORMAL,STRAY,12
BLACK,FEMALE,0,NORMAL,STRAY,45
OTHER,FEMALE,0,UNDER WEIGHT,STRAY,14
TABBY,MALE,0,NORMAL,STRAY,10
TABBY,FEMALE,0,UNDER WEIGHT,STRAY,8
BLACK,MALE,0,UNDER WEIGHT,STRAY,66
BLACK,FEMALE,0,ILL,STRAY,82
TABBY,FEMALE,0,UNDER WEIGHT,STRAY,48
TABBY,MALE,0,NORMAL,STRAY,112
GRAY,FEMALE,0,NORMAL,STRAY,53
TABBY,MALE,0,NORMAL,STRAY,11
BLACK,MALE,4,NORMAL,OWNER SURRENDER,123
TABBY,MALE,0,UNDER WEIGHT,STRAY,62
GRAY,MALE,0,NORMAL,STRAY,99
WHITE,MALE,0,NORMAL,OWNER SURRENDER,143
OTHER,FEMALE,2,NORMAL,STRAY,41
TABBY,MALE,1,NORMAL,STRAY,134
OTHER,FEMALE,0,UNDER WEIGHT,STRAY,30
GRAY,MALE,0,NORMAL,STRAY,4
BLACK,FEMALE,0,NORMAL,STRAY,105
BLACK,FEMALE,2,NORMAL,OWNER SURRENDER,8
BLACK,FEMALE,4,NORMAL,STRAY,15
OTHER,MALE,0,UNDER WEIGHT,STRAY,6
OTHER,FEMALE,0,NORMAL,STRAY,69
BLACK,FEMALE,0,OTHER,STRAY,140
BLACK,FEMALE,4,ILL,STRAY,128
OTHER,MALE,1,NORMAL,OWNER SURRENDER,34
OTHER,MALE,1,NORMAL,STRAY,14
BLACK,FEMALE,1,NORMAL,STRAY,52
TABBY,FEMALE,0,NORMAL,STRAY,1
WHITE,MALE,0,UNDER WEIGHT,STRAY,7
TABBY,FEMALE,6,NORMAL,OWNER SURRENDER,120
TABBY,MALE,0,UNDER WEIGHT,STRAY,109
TABBY,MALE,0,NORMAL,STRAY,15
TABBY,FEMALE,0,NORMAL,STRAY,53
BLACK,MALE,5,NORMAL,STRAY,113
GRAY,FEMALE,0,NORMAL,STRAY,43
WHITE,FEMALE,1,NORMAL,STRAY,87
OTHER,FEMALE,0,UNDER WEIGHT,STRAY,15
BLACK,FEMALE,0,UNDER WEIGHT,STRAY,74
TABBY,FEMALE,3,NORMAL,OTHER,48
OTHER,FEMALE,0,UNDER WEIGHT,STRAY,65
BLACK,FEMALE,0,UNDER WEIGHT,STRAY,89
GRAY,MALE,0,ILL,STRAY,34
TABBY,FEMALE,0,NORMAL,STRAY,49
OTHER,FEMALE,0,NORMAL,STRAY,21
TABBY,MALE,0,NORMAL,STRAY,70
WHITE,MALE,0,NORMAL,STRAY,24
TABBY,FEMALE,0,NORMAL,STRAY,67
WHITE,FEMALE,0,NORMAL,STRAY,4
BLACK,FEMALE,8,NORMAL,STRAY,101
TABBY,MALE,0,NORMAL,STRAY,20
OTHER,FEMALE,4,OTHER,OWNER SURRENDER,26
OTHER,MALE,4,INJURED,STRAY,13
TABBY,MALE,1,INJURED,STRAY,11
GRAY,MALE,1,NORMAL,STRAY,13
TABBY,FEMALE,0,ILL,STRAY,14
TABBY,FEMALE,0,OTHER,OTHER,1
TABBY,FEMALE,0,NORMAL,OTHER,14
TABBY,FEMALE,0,NORMAL,OTHER,13
TABBY,MALE,4,NORMAL,STRAY,11
OTHER,FEMALE,0,NORMAL,STRAY,11
OTHER,FEMALE,0,NORMAL,STRAY,30
GRAY,MALE,0,NORMAL,STRAY,9
BLACK,FEMALE,0,NORMAL,STRAY,28
TABBY,MALE,0,ILL,STRAY,11
TABBY,MALE,1,NORMAL,STRAY,13
OTHER,MALE,8,NORMAL,OTHER,19
OTHER,MALE,1,NORMAL,STRAY,10
TABBY,FEMALE,1,NORMAL,OTHER,1
TABBY,FEMALE,2,NORMAL,OWNER SURRENDER,79
GRAY,FEMALE,1,OTHER,STRAY,10
TABBY,FEMALE,2,NORMAL,OWNER SURRENDER,8
OTHER,MALE,0,UNDER WEIGHT,STRAY,4
TABBY,FEMALE,3,NORMAL,STRAY,52
TABBY,FEMALE,0,UNDER WEIGHT,STRAY,35
TABBY,MALE,0,UNDER WEIGHT,STRAY,38
GRAY,MALE,7,NORMAL,STRAY,43
BLACK,MALE,0,NORMAL,STRAY,51
BLACK,MALE,0,NORMAL,STRAY,47
OTHER,FEMALE,0,NORMAL,STRAY,28
TABBY,MALE,7,NORMAL,STRAY,75
WHITE,FEMALE,0,NORMAL,STRAY,70
TABBY,MALE,0,NORMAL,STRAY,31
TABBY,MALE,4,INJURED,STRAY,70
TABBY,MALE,3,NORMAL,OWNER SURRENDER,36
GRAY,MALE,0,NORMAL,STRAY,12
TABBY,FEMALE,1,NORMAL,STRAY,16
WHITE,FEMALE,1,ILL,STRAY,25
BLACK,FEMALE,0,NORMAL,OWNER SURRENDER,20
GRAY,FEMALE,3,NORMAL,OTHER,15
GRAY,MALE,2,OTHER,STRAY,13
TABBY,MALE,0,NORMAL,STRAY,34
TABBY,FEMALE,0,NORMAL,STRAY,34
OTHER,MALE,3,INJURED,STRAY,7
WHITE,FEMALE,0,INJURED,STRAY,20
BLACK,MALE,5,OTHER,STRAY,51
TABBY,FEMALE,0,NORMAL,STRAY,21
BLACK,FEMALE,5,NORMAL,OTHER,11
BLACK,MALE,0,NORMAL,STRAY,36
BLACK,MALE,6,OTHER,STRAY,23
OTHER,FEMALE,0,NORMAL,STRAY,131
BLACK,MALE,0,NORMAL,STRAY,83
OTHER,MALE,0,NORMAL,STRAY,9
BLACK,MALE,0,NORMAL,STRAY,32
WHITE,MALE,0,NORMAL,STRAY,11
TABBY,MALE,3,NORMAL,STRAY,20
BLACK,MALE,0,UNDER WEIGHT,STRAY,10
GRAY,FEMALE,0,NORMAL,STRAY,8
OTHER,FEMALE,0,NORMAL,STRAY,23
GRAY,MALE,0,NORMAL,OTHER,14
OTHER,MALE,7,ILL,STRAY,78
WHITE,MALE,1,NORMAL,STRAY,15
OTHER,MALE,0,UNDER WEIGHT,STRAY,62
BLACK,FEMALE,0,OTHER,STRAY,14
BLACK,MALE,0,NORMAL,STRAY,7
BLACK,MALE,0,ILL,STRAY,30
TABBY,FEMALE,1,INJURED,STRAY,10
TABBY,FEMALE,2,OTHER,STRAY,4
TABBY,MALE,0,NORMAL,STRAY,21
GRAY,FEMALE,1,NORMAL,STRAY,13
OTHER,FEMALE,2,NORMAL,STRAY,19
TABBY,FEMALE,1,NORMAL,STRAY,6
OTHER,FEMALE,0,NORMAL,STRAY,5
WHITE,FEMALE,8,NORMAL,OWNER SURRENDER,12
OTHER,FEMALE,0,NORMAL,STRAY,78
BLACK,MALE,0,NORMAL,STRAY,6
WHITE,FEMALE,0,NORMAL,STRAY,6
OTHER,FEMALE,0,NORMAL,STRAY,6
TABBY,FEMALE,0,NORMAL,STRAY,8
TABBY,FEMALE,0,NORMAL,STRAY,5
TABBY,MALE,0,NORMAL,OWNER SURRENDER,28
BLACK,MALE,0,NORMAL,OWNER SURRENDER,8
OTHER,MALE,0,NORMAL,OWNER SURRENDER,5
GRAY,FEMALE,2,NORMAL,OWNER SURRENDER,1
GRAY,MALE,0,UNDER WEIGHT,STRAY,59
TABBY,MALE,0,UNDER WEIGHT,STRAY,113
BLACK,FEMALE,0,OTHER,STRAY,10
TABBY,FEMALE,0,UNDER WEIGHT,STRAY,91
OTHER,FEMALE,0,ILL,STRAY,10
TABBY,MALE,2,INJURED,STRAY,93
OTHER,MALE,0,NORMAL,STRAY,12
BLACK,MALE,0,UNDER WEIGHT,STRAY,102
OTHER,FEMALE,0,NORMAL,STRAY,83
TABBY,MALE,0,NORMAL,STRAY,9
TABBY,MALE,0,NORMAL,STRAY,8
GRAY,FEMALE,0,NORMAL,STRAY,89
TABBY,MALE,0,NORMAL,STRAY,131
TABBY,FEMALE,0,INJURED,STRAY,61
WHITE,FEMALE,0,NORMAL,STRAY,9
GRAY,FEMALE,0,UNDER WEIGHT,STRAY,98
TABBY,MALE,0,NORMAL,STRAY,59
OTHER,FEMALE,3,INJURED,STRAY,138
WHITE,MALE,0,UNDER WEIGHT,STRAY,48
TABBY,MALE,0,NORMAL,STRAY,20
WHITE,MALE,4,NORMAL,STRAY,37
TABBY,FEMALE,0,INJURED,STRAY,56
TABBY,MALE,0,UNDER WEIGHT,STRAY,78
TABBY,FEMALE,0,UNDER WEIGHT,STRAY,85
GRAY,MALE,3,NORMAL,OTHER,41
OTHER,MALE,0,NORMAL,STRAY,50
TABBY,MALE,0,NORMAL,STRAY,45
TABBY,FEMALE,0,NORMAL,STRAY,14
OTHER,FEMALE,0,NORMAL,STRAY,0
GRAY,FEMALE,0,NORMAL,STRAY,45
TABBY,MALE,0,UNDER WEIGHT,STRAY,111
TABBY,FEMALE,0,NORMAL,STRAY,68
OTHER,FEMALE,0,ILL,STRAY,65
WHITE,FEMALE,0,NORMAL,STRAY,131
WHITE,FEMALE,0,UNDER WEIGHT,STRAY,22
BLACK,MALE,8,NORMAL,OTHER,73
OTHER,MALE,1,NORMAL,OWNER SURRENDER,42
WHITE,MALE,6,NORMAL,STRAY,73
OTHER,FEMALE,0,NORMAL,STRAY,8
OTHER,FEMALE,0,NORMAL,STRAY,2
OTHER,MALE,3,INJURED,STRAY,36
BLACK,MALE,0,ILL,OWNER SURRENDER,144
BLACK,FEMALE,0,NORMAL,STRAY,6
GRAY,FEMALE,0,NORMAL,OWNER SURRENDER,15
TABBY,MALE,0,NORMAL,STRAY,6
OTHER,MALE,3,NORMAL,OWNER SURRENDER,16
BLACK,MALE,2,NORMAL,OWNER SURRENDER,20
BLACK,MALE,0,NORMAL,OWNER SURRENDER,135
BLACK,FEMALE,4,ILL,OWNER SURRENDER,3
TABBY,MALE,4,NORMAL,OTHER,14
GRAY,FEMALE,0,UNDER WEIGHT,STRAY,97
OTHER,FEMALE,0,UNDER WEIGHT,STRAY,127
OTHER,MALE,1,ILL,OWNER SURRENDER,126
BLACK,MALE,1,INJURED,STRAY,20
BLACK,FEMALE,4,NORMAL,OWNER SURRENDER,13
TABBY,MALE,1,NORMAL,STRAY,122
OTHER,FEMALE,0,NORMAL,OWNER SURRENDER,95
TABBY,FEMALE,0,UNDER WEIGHT,STRAY,69
TABBY,MALE,0,UNDER WEIGHT,STRAY,67
GRAY,MALE,3,NORMAL,OWNER SURRENDER,34
BLACK,MALE,1,NORMAL,OWNER SURRENDER,52
BLACK,FEMALE,0,UNDER WEIGHT,STRAY,40
OTHER,FEMALE,0,UNDER WEIGHT,STRAY,2
TABBY,FEMALE,0,INJURED,STRAY,9
TABBY,FEMALE,0,UNDER WEIGHT,STRAY,0
BLACK,FEMALE,1,NORMAL,OWNER SURRENDER,78
TABBY,MALE,1,ILL,STRAY,13
TABBY,MALE,0,UNDER WEIGHT,STRAY,60
TABBY,MALE,0,UNDER WEIGHT,STRAY,67
TABBY,FEMALE,0,NORMAL,STRAY,16
OTHER,FEMALE,0,UNDER WEIGHT,STRAY,69
TABBY,MALE,0,UNDER WEIGHT,STRAY,30
OTHER,FEMALE,0,ILL,STRAY,13
BLACK,MALE,8,OTHER,OWNER SURRENDER,123
BLACK,MALE,0,UNDER WEIGHT,STRAY,9
BLACK,MALE,0,NORMAL,STRAY,5
WHITE,MALE,0,ILL,STRAY,12
BLACK,FEMALE,0,ILL,STRAY,52
BLACK,FEMALE,0,NORMAL,OTHER,120
BLACK,MALE,0,NORMAL,STRAY,43
WHITE,FEMALE,0,UNDER WEIGHT,STRAY,56
GRAY,MALE,0,ILL,STRAY,23
TABBY,FEMALE,0,UNDER WEIGHT,STRAY,53
OTHER,MALE,0,UNDER WEIGHT,STRAY,15
TABBY,MALE,0,INJURED,STRAY,23
TABBY,MALE,0,OTHER,OTHER,32
GRAY,FEMALE,0,UNDER WEIGHT,STRAY,40
TABBY,MALE,0,NORMAL,STRAY,9
WHITE,MALE,4,INJURED,STRAY,77
OTHER,FEMALE,3,NORMAL,STRAY,6
TABBY,FEMALE,0,UNDER WEIGHT,STRAY,77
BLACK,MALE,0,NORMAL,STRAY,1
OTHER,FEMALE,0,UNDER WEIGHT,STRAY,3
GRAY,FEMALE,0,NORMAL,STRAY,9
GRAY,MALE,0,UNDER WEIGHT,STRAY,27
GRAY,FEMALE,0,UNDER WEIGHT,STRAY,15
OTHER,FEMALE,0,UNDER WEIGHT,STRAY,38
TABBY,MALE,2,INJURED,STRAY,103
GRAY,FEMALE,0,NORMAL,OTHER,1
TABBY,MALE,0,ILL,STRAY,25
WHITE,FEMALE,0,NORMAL,STRAY,5
BLACK,MALE,0,ILL,STRAY,35
WHITE,FEMALE,0,ILL,STRAY,35
GRAY,MALE,0,UNDER WEIGHT,STRAY,24
OTHER,MALE,1,ILL,STRAY,13
BLACK,MALE,3,INJURED,STRAY,21
TABBY,MALE,0,UNDER WEIGHT,STRAY,32
OTHER,FEMALE,1,NORMAL,OWNER SURRENDER,30
TABBY,MALE,0,UNDER WEIGHT,STRAY,14
TABBY,FEMALE,0,INJURED,STRAY,99
TABBY,FEMALE,0,UNDER WEIGHT,STRAY,32
TABBY,MALE,4,INJURED,STRAY,87
TABBY,FEMALE,0,NORMAL,OTHER,0
GRAY,MALE,0,ILL,STRAY,55
BLACK,FEMALE,0,UNDER WEIGHT,STRAY,34
TABBY,FEMALE,0,NORMAL,STRAY,9
TABBY,MALE,0,INJURED,STRAY,13
WHITE,MALE,0,ILL,STRAY,58
BLACK,MALE,0,NORMAL,STRAY,92
BLACK,FEMALE,0,NORMAL,STRAY,29
BLACK,FEMALE,0,NORMAL,STRAY,128
GRAY,MALE,0,UNDER WEIGHT,STRAY,5
BLACK,FEMALE,0,NORMAL,STRAY,24
OTHER,FEMALE,0,INJURED,STRAY,33
GRAY,MALE,0,OTHER,STRAY,8
OTHER,FEMALE,0,NORMAL,STRAY,5
TABBY,MALE,2,NORMAL,OWNER SURRENDER,7
BLACK,FEMALE,9,NORMAL,OTHER,20
GRAY,MALE,4,NORMAL,OTHER,22
GRAY,MALE,4,INJURED,STRAY,16
TABBY,MALE,4,ILL,STRAY,49
TABBY,MALE,0,NORMAL,OWNER SURRENDER,3
OTHER,MALE,0,UNDER WEIGHT,STRAY,84
BLACK,FEMALE,7,NORMAL,OTHER,9
BLACK,FEMALE,0,ILL,STRAY,122
BLACK,FEMALE,4,NORMAL,OWNER SURRENDER,109
BLACK,FEMALE,3,INJURED,STRAY,74
OTHER,MALE,0,NORMAL,STRAY,68
OTHER,FEMALE,1,NORMAL,STRAY,36
WHITE,FEMALE,0,INJURED,STRAY,5
OTHER,FEMALE,0,NORMAL,STRAY,8
GRAY,MALE,0,UNDER WEIGHT,STRAY,1
BLACK,MALE,0,OTHER,STRAY,37
TABBY,MALE,0,UNDER WEIGHT,STRAY,39
TABBY,MALE,0,UNDER WEIGHT,STRAY,4
GRAY,MALE,0,ILL,STRAY,43
OTHER,FEMALE,0,NORMAL,STRAY,12
OTHER,FEMALE,0,NORMAL,STRAY,8
GRAY,MALE,0,UNDER WEIGHT,STRAY,55
WHITE,FEMALE,0,NORMAL,STRAY,80
TABBY,MALE,0,ILL,STRAY,23
OTHER,MALE,0,INJURED,STRAY,16
GRAY,MALE,1,INJURED,STRAY,21
TABBY,MALE,0,OTHER,STRAY,93
BLACK,MALE,0,UNDER WEIGHT,STRAY,52
WHITE,MALE,0,NORMAL,STRAY,66
WHITE,FEMALE,0,NORMAL,STRAY,56
WHITE,FEMALE,4,ILL,STRAY,36
OTHER,FEMALE,1,NORMAL,OTHER,17
OTHER,FEMALE,0,NORMAL,STRAY,48
OTHER,MALE,0,NORMAL,STRAY,90
TABBY,FEMALE,0,ILL,OWNER SURRENDER,46
BLACK,FEMALE,0,NORMAL,STRAY,75
TABBY,MALE,0,ILL,STRAY,42
WHITE,MALE,2,ILL,STRAY,7
OTHER,FEMALE,9,OTHER,OWNER SURRENDER,72
OTHER,FEMALE,7,NORMAL,OWNER SURRENDER,7
BLACK,FEMALE,3,NORMAL,STRAY,108
GRAY,FEMALE,7,ILL,OWNER SURRENDER,40
TABBY,FEMALE,5,NORMAL,OWNER SURRENDER,144
GRAY,MALE,2,NORMAL,OWNER SURRENDER,3
OTHER,FEMALE,0,NORMAL,STRAY,27
OTHER,MALE,6,NORMAL,STRAY,6
TABBY,FEMALE,0,UNDER WEIGHT,STRAY,5
TABBY,MALE,0,OTHER,STRAY,22
BLACK,FEMALE,3,NORMAL,STRAY,16
OTHER,FEMALE,0,NORMAL,OWNER SURRENDER,68
GRAY,MALE,6,NORMAL,OWNER SURRENDER,146
TABBY,MALE,3,NORMAL,STRAY,8
BLACK,FEMALE,0,NORMAL,STRAY,56
TABBY,MALE,2,NORMAL,STRAY,124
TABBY,FEMALE,0,NORMAL,STRAY,76
TABBY,MALE,0,UNDER WEIGHT,STRAY,43
BLACK,MALE,0,UNDER WEIGHT,STRAY,75
GRAY,FEMALE,0,OTHER,STRAY,50
OTHER,FEMALE,8,OTHER,OWNER SURRENDER,22
BLACK,FEMALE,0,ILL,STRAY,30
BLACK,MALE,3,NORMAL,STRAY,81
TABBY,FEMALE,0,NORMAL,STRAY,13
TABBY,FEMALE,0,NORMAL,STRAY,14
GRAY,FEMALE,0,NORMAL,STRAY,13
GRAY,MALE,4,NORMAL,OWNER SURRENDER,43
TABBY,MALE,0,INJURED,STRAY,37
BLACK,MALE,0,NORMAL,STRAY,20
OTHER,MALE,2,NORMAL,STRAY,9
TABBY,FEMALE,0,NORMAL,STRAY,6
TABBY,FEMALE,0,NORMAL,STRAY,14
TABBY,MALE,0,NORMAL,STRAY,12
OTHER,MALE,0,NORMAL,STRAY,10
OTHER,FEMALE,0,OTHER,STRAY,35
OTHER,FEMALE,0,NORMAL,STRAY,50
TABBY,FEMALE,0,NORMAL,STRAY,39
BLACK,FEMALE,4,NORMAL,OWNER SURRENDER,90
BLACK,MALE,0,UNDER WEIGHT,STRAY,99
TABBY,FEMALE,0,UNDER WEIGHT,STRAY,39
TABBY,FEMALE,0,NORMAL,STRAY,38
TABBY,FEMALE,0,OTHER,STRAY,21
WHITE,MALE,4,NORMAL,STRAY,128
OTHER,FEMALE,0,OTHER,STRAY,45
TABBY,FEMALE,2,NORMAL,STRAY,70
OTHER,FEMALE,0,NORMAL,STRAY,30
TABBY,MALE,4,NORMAL,STRAY,65
WHITE,MALE,4,NORMAL,STRAY,25
BLACK,FEMALE,0,NORMAL,OWNER SURRENDER,5
OTHER,FEMALE,0,NORMAL,OWNER SURRENDER,15
OTHER,FEMALE,0,NORMAL,STRAY,9
TABBY,MALE,0,ILL,STRAY,38
TABBY,MALE,8,NORMAL,OWNER SURRENDER,15
TABBY,MALE,0,NORMAL,STRAY,56
OTHER,FEMALE,3,NORMAL,OWNER SURRENDER,0
OTHER,MALE,1,NORMAL,OWNER SURRENDER,45
BLACK,MALE,1,NORMAL,STRAY,115
GRAY,MALE,4,NORMAL,OWNER SURRENDER,3
TABBY,MALE,1,NORMAL,STRAY,29
TABBY,FEMALE,0,OTHER,STRAY,98
OTHER,FEMALE,1,NORMAL,STRAY,126
BLACK,FEMALE,0,UNDER WEIGHT,STRAY,16
TABBY,MALE,0,UNDER WEIGHT,STRAY,3
BLACK,FEMALE,0,NORMAL,OWNER SURRENDER,24
GRAY,FEMALE,0,NORMAL,OWNER SURRENDER,12
OTHER,FEMALE,1,NORMAL,STRAY,35
TABBY,FEMALE,0,UNDER WEIGHT,STRAY,28
BLACK,FEMALE,0,NORMAL,STRAY,11
TABBY,FEMALE,0,NORMAL,STRAY,65
TABBY,MALE,0,NORMAL,STRAY,84
GRAY,MALE,1,NORMAL,OTHER,25
TABBY,MALE,4,NORMAL,OWNER SURRENDER,82
TABBY,MALE,0,ILL,STRAY,80
TABBY,MALE,7,INJURED,STRAY,25
BLACK,MALE,0,NORMAL,STRAY,102
TABBY,MALE,0,NORMAL,STRAY,102
TABBY,MALE,0,NORMAL,STRAY,86
OTHER,FEMALE,0,UNDER WEIGHT,STRAY,59
TABBY,FEMALE,3,NORMAL,STRAY,91
TABBY,FEMALE,0,NORMAL,STRAY,38
OTHER,FEMALE,3,NORMAL,STRAY,2
TABBY,FEMALE,0,NORMAL,STRAY,99
BLACK,MALE,0,NORMAL,STRAY,21
OTHER,FEMALE,0,NORMAL,STRAY,24
OTHER,MALE,0,ILL,STRAY,60
TABBY,FEMALE,0,NORMAL,STRAY,19
TABBY,FEMALE,3,NORMAL,STRAY,71
OTHER,FEMALE,0,INJURED,STRAY,39
TABBY,FEMALE,3,NORMAL,STRAY,111
TABBY,MALE,0,UNDER WEIGHT,STRAY,24
BLACK,MALE,0,NORMAL,STRAY,35
OTHER,MALE,9,NORMAL,OWNER SURRENDER,18
TABBY,MALE,0,NORMAL,STRAY,7
TABBY,FEMALE,0,NORMAL,STRAY,37
BLACK,MALE,1,OTHER,STRAY,92
OTHER,MALE,4,INJURED,STRAY,16
BLACK,FEMALE,0,NORMAL,STRAY,12
OTHER,MALE,4,NORMAL,STRAY,11
OTHER,MALE,7,NORMAL,STRAY,20
BLACK,MALE,0,OTHER,STRAY,33
OTHER,MALE,6,NORMAL,OWNER SURRENDER,3
GRAY,FEMALE,4,NORMAL,STRAY,110
OTHER,FEMALE,7,OTHER,STRAY,69
OTHER,FEMALE,1,NORMAL,OWNER SURRENDER,3
OTHER,FEMALE,3,NORMAL,STRAY,25
OTHER,FEMALE,0,NORMAL,STRAY,9
WHITE,MALE,1,INJURED,STRAY,59
TABBY,MALE,0,NORMAL,STRAY,43
GRAY,FEMALE,0,NORMAL,OWNER SURRENDER,68
OTHER,FEMALE,0,UNDER WEIGHT,STRAY,101
BLACK,FEMALE,0,NORMAL,STRAY,13
GRAY,MALE,0,UNDER WEIGHT,STRAY,23
TABBY,FEMALE,0,UNDER WEIGHT,STRAY,61
TABBY,FEMALE,2,OTHER,STRAY,21
OTHER,MALE,0,NORMAL,STRAY,12
BLACK,MALE,0,UNDER WEIGHT,OWNER SURRENDER,0
TABBY,MALE,0,NORMAL,STRAY,2
TABBY,MALE,0,UNDER WEIGHT,STRAY,137
GRAY,MALE,0,NORMAL,STRAY,87
TABBY,MALE,0,NORMAL,STRAY,3
OTHER,FEMALE,3,NORMAL,STRAY,4
GRAY,FEMALE,0,ILL,STRAY,54
BLACK,FEMALE,0,NORMAL,STRAY,22
OTHER,MALE,0,NORMAL,STRAY,9
GRAY,FEMALE,1,NORMAL,STRAY,7
TABBY,MALE,0,UNDER WEIGHT,STRAY,2
TABBY,MALE,0,UNDER WEIGHT,STRAY,6
TABBY,FEMALE,0,UNDER WEIGHT,STRAY,2
GRAY,FEMALE,0,NORMAL,STRAY,140
BLACK,FEMALE,1,NORMAL,STRAY,84
BLACK,FEMALE,0,NORMAL,STRAY,18
WHITE,FEMALE,0,NORMAL,STRAY,50
WHITE,FEMALE,1,NORMAL,STRAY,21
GRAY,FEMALE,0,NORMAL,STRAY,12
OTHER,FEMALE,0,NORMAL,STRAY,27
TABBY,MALE,0,NORMAL,STRAY,24
BLACK,MALE,0,UNDER WEIGHT,STRAY,1
TABBY,FEMALE,0,NORMAL,STRAY,28
OTHER,FEMALE,2,NORMAL,STRAY,14
OTHER,MALE,0,NORMAL,STRAY,125
TABBY,FEMALE,0,NORMAL,STRAY,132
BLACK,FEMALE,4,OTHER,OWNER SURRENDER,115
OTHER,MALE,1,NORMAL,OWNER SURRENDER,137
TABBY,FEMALE,0,NORMAL,STRAY,71
GRAY,MALE,0,NORMAL,STRAY,13
TABBY,MALE,0,UNDER WEIGHT,STRAY,26
OTHER,MALE,4,NORMAL,STRAY,124
BLACK,MALE,0,UNDER WEIGHT,STRAY,120
BLACK,FEMALE,0,UNDER WEIGHT,STRAY,120
TABBY,FEMALE,0,ILL,STRAY,71
TABBY,MALE,4,NORMAL,OWNER SURRENDER,128
TABBY,FEMALE,2,NORMAL,STRAY,134
OTHER,MALE,1,NORMAL,OWNER SURRENDER,105
TABBY,FEMALE,1,NORMAL,STRAY,92
TABBY,FEMALE,0,NORMAL,STRAY,86
TABBY,MALE,0,UNDER WEIGHT,STRAY,69
BLACK,MALE,0,UNDER WEIGHT,STRAY,108
GRAY,FEMALE,0,UNDER WEIGHT,STRAY,68
BLACK,FEMALE,2,NORMAL,STRAY,88
TABBY,FEMALE,0,NORMAL,STRAY,50
TABBY,FEMALE,0,ILL,OTHER,65
TABBY,FEMALE,0,NORMAL,STRAY,58
BLACK,MALE,0,NORMAL,STRAY,99
TABBY,MALE,9,NORMAL,OTHER,15
GRAY,MALE,4,NORMAL,STRAY,7
TABBY,MALE,0,NORMAL,STRAY,4
OTHER,FEMALE,0,NORMAL,STRAY,35
GRAY,FEMALE,0,NORMAL,STRAY,11
TABBY,MALE,0,NORMAL,STRAY,35
TABBY,MALE,8,ILL,STRAY,27
TABBY,MALE,0,NORMAL,STRAY,43
TABBY,FEMALE,0,NORMAL,STRAY,17
BLACK,FEMALE,0,OTHER,STRAY,35
GRAY,MALE,9,INJURED,STRAY,32
BLACK,MALE,0,NORMAL,STRAY,30
OTHER,FEMALE,4,INJURED,STRAY,62
WHITE,MALE,2,OTHER,STRAY,19
TABBY,MALE,4,NORMAL,STRAY,14
TABBY,FEMALE,8,OTHER,OWNER SURRENDER,40
OTHER,FEMALE,1,NORMAL,STRAY,11
TABBY,MALE,4,NORMAL,OWNER SURRENDER,66
GRAY,FEMALE,2,ILL,OTHER,31
OTHER,MALE,2,NORMAL,OWNER SURRENDER,18
WHITE,FEMALE,0,NORMAL,STRAY,42
OTHER,FEMALE,2,NORMAL,OWNER SURRENDER,24
OTHER,MALE,2,OTHER,OWNER SURRENDER,9
OTHER,FEMALE,0,NORMAL,STRAY,7
OTHER,FEMALE,1,NORMAL,OTHER,13
TABBY,FEMALE,0,NORMAL,STRAY,103
TABBY,FEMALE,2,NORMAL,STRAY,13
TABBY,FEMALE,7,INJURED,STRAY,2
BLACK,MALE,4,INJURED,STRAY,12
TABBY,MALE,0,NORMAL,STRAY,73
TABBY,MALE,0,NORMAL,STRAY,10
TABBY,FEMALE,0,NORMAL,STRAY,24
TABBY,MALE,0,NORMAL,STRAY,113
TABBY,FEMALE,0,NORMAL,STRAY,22
OTHER,FEMALE,0,NORMAL,STRAY,16
TABBY,MALE,3,NORMAL,OWNER SURRENDER,75
BLACK,FEMALE,0,ILL,STRAY,33
TABBY,FEMALE,2,NORMAL,OTHER,19
GRAY,MALE,1,INJURED,STRAY,14
TABBY,FEMALE,0,NORMAL,STRAY,98
TABBY,FEMALE,0,ILL,STRAY,42
BLACK,FEMALE,0,ILL,STRAY,49
BLACK,FEMALE,2,ILL,STRAY,49
TABBY,FEMALE,1,ILL,STRAY,49
TABBY,MALE,0,NORMAL,STRAY,39
OTHER,FEMALE,1,NORMAL,STRAY,39
BLACK,MALE,3,NORMAL,OTHER,73
BLACK,FEMALE,3,NORMAL,OTHER,73
GRAY,FEMALE,2,NORMAL,STRAY,14
WHITE,MALE,0,UNDER WEIGHT,STRAY,4
BLACK,FEMALE,0,INJURED,STRAY,17
TABBY,FEMALE,2,NORMAL,STRAY,66
GRAY,MALE,0,NORMAL,STRAY,10
BLACK,FEMALE,0,NORMAL,OTHER,21
TABBY,MALE,0,UNDER WEIGHT,STRAY,101
TABBY,FEMALE,0,UNDER WEIGHT,STRAY,65
OTHER,MALE,0,NORMAL,STRAY,19
OTHER,MALE,3,NORMAL,STRAY,24
TABBY,MALE,0,NORMAL,STRAY,9
TABBY,MALE,0,NORMAL,STRAY,126
BLACK,MALE,5,INJURED,STRAY,28
BLACK,MALE,9,NORMAL,STRAY,90
WHITE,MALE,0,NORMAL,STRAY,50
TABBY,MALE,0,NORMAL,STRAY,13
BLACK,FEMALE,3,INJURED,OTHER,37
TABBY,MALE,2,NORMAL,STRAY,31
TABBY,MALE,0,NORMAL,STRAY,16
OTHER,FEMALE,0,NORMAL,STRAY,15
WHITE,MALE,9,ILL,STRAY,134
GRAY,FEMALE,2,NORMAL,OWNER SURRENDER,13
TABBY,MALE,1,NORMAL,OWNER SURRENDER,22
TABBY,MALE,0,NORMAL,STRAY,4
OTHER,MALE,2,NORMAL,OWNER SURRENDER,7
OTHER,FEMALE,0,NORMAL,STRAY,77
OTHER,FEMALE,1,NORMAL,OWNER SURRENDER,49
GRAY,MALE,4,NORMAL,STRAY,6
OTHER,MALE,4,OTHER,STRAY,23
OTHER,FEMALE,2,NORMAL,OWNER SURRENDER,20
OTHER,MALE,4,NORMAL,STRAY,7
BLACK,FEMALE,0,UNDER WEIGHT,STRAY,113
TABBY,FEMALE,0,NORMAL,STRAY,110
BLACK,MALE,0,NORMAL,STRAY,65
TABBY,MALE,0,INJURED,STRAY,63
BLACK,FEMALE,0,NORMAL,OWNER SURRENDER,3
TABBY,MALE,0,NORMAL,OWNER SURRENDER,9
TABBY,FEMALE,1,NORMAL,STRAY,29
TABBY,FEMALE,0,UNDER WEIGHT,STRAY,66
WHITE,MALE,4,OTHER,OTHER,16
OTHER,MALE,0,NORMAL,OTHER,68
WHITE,FEMALE,0,NORMAL,STRAY,12
OTHER,FEMALE,3,NORMAL,STRAY,15
BLACK,FEMALE,0,ILL,STRAY,5
BLACK,FEMALE,0,INJURED,STRAY,83
TABBY,FEMALE,0,NORMAL,STRAY,28
WHITE,MALE,3,NORMAL,OTHER,41
TABBY,MALE,0,NORMAL,STRAY,77
OTHER,FEMALE,0,NORMAL,STRAY,6
TABBY,FEMALE,0,NORMAL,STRAY,26
WHITE,MALE,0,NORMAL,STRAY,29
BLACK,FEMALE,0,UNDER WEIGHT,STRAY,35
OTHER,MALE,0,NORMAL,STRAY,40
TABBY,MALE,0,INJURED,STRAY,55
OTHER,FEMALE,0,NORMAL,STRAY,63
WHITE,FEMALE,0,UNDER WEIGHT,STRAY,91
TABBY,MALE,0,NORMAL,OTHER,4
GRAY,FEMALE,0,NORMAL,STRAY,64
GRAY,FEMALE,0,UNDER WEIGHT,STRAY,139
OTHER,MALE,0,UNDER WEIGHT,STRAY,36
OTHER,FEMALE,0,NORMAL,STRAY,7
TABBY,MALE,0,UNDER WEIGHT,OTHER,31
WHITE,MALE,7,ILL,OWNER SURRENDER,16
GRAY,MALE,0,INJURED,STRAY,12
TABBY,FEMALE,3,NORMAL,STRAY,10
TABBY,FEMALE,0,INJURED,STRAY,15
OTHER,FEMALE,0,UNDER WEIGHT,STRAY,41
OTHER,MALE,0,INJURED,STRAY,4
BLACK,FEMALE,0,UNDER WEIGHT,STRAY,98
TABBY,FEMALE,3,INJURED,STRAY,10
OTHER,MALE,2,OTHER,OTHER,68
GRAY,MALE,0,NORMAL,OWNER SURRENDER,48
WHITE,MALE,2,NORMAL,OTHER,69
TABBY,MALE,0,UNDER WEIGHT,STRAY,62
TABBY,MALE,0,UNDER WEIGHT,STRAY,61
BLACK,FEMALE,0,NORMAL,STRAY,50
TABBY,FEMALE,0,NORMAL,STRAY,42
OTHER,FEMALE,2,NORMAL,STRAY,10
TABBY,MALE,0,NORMAL,STRAY,37
GRAY,FEMALE,1,UNDER WEIGHT,STRAY,139
BLACK,MALE,0,UNDER WEIGHT,STRAY,3
OTHER,MALE,0,INJURED,STRAY,14
OTHER,FEMALE,0,UNDER WEIGHT,STRAY,30
BLACK,MALE,0,UNDER WEIGHT,STRAY,49
TABBY,FEMALE,0,UNDER WEIGHT,STRAY,13
BLACK,MALE,0,UNDER WEIGHT,STRAY,31
BLACK,MALE,0,UNDER WEIGHT,STRAY,27
BLACK,FEMALE,0,ILL,STRAY,20
TABBY,MALE,0,UNDER WEIGHT,STRAY,20
TABBY,MALE,0,UNDER WEIGHT,STRAY,12
BLACK,MALE,0,UNDER WEIGHT,STRAY,32
BLACK,MALE,0,NORMAL,OTHER,127
OTHER,FEMALE,0,ILL,STRAY,24
TABBY,MALE,2,NORMAL,OTHER,131
TABBY,FEMALE,0,UNDER WEIGHT,STRAY,43
GRAY,MALE,0,UNDER WEIGHT,STRAY,21
WHITE,MALE,0,NORMAL,STRAY,80
TABBY,FEMALE,0,ILL,OWNER SURRENDER,24
OTHER,FEMALE,0,INJURED,OWNER SURRENDER,2
OTHER,MALE,1,NORMAL,STRAY,96
BLACK,MALE,0,ILL,STRAY,40
BLACK,FEMALE,0,NORMAL,OTHER,1
WHITE,MALE,8,INJURED,STRAY,15
GRAY,FEMALE,0,UNDER WEIGHT,STRAY,24
TABBY,MALE,0,UNDER WEIGHT,STRAY,17
OTHER,FEMALE,3,ILL,STRAY,99
BLACK,FEMALE,5,NORMAL,OTHER,42
BLACK,FEMALE,4,NORMAL,OTHER,22
TABBY,MALE,0,UNDER WEIGHT,STRAY,88
GRAY,FEMALE,1,NORMAL,STRAY,16
TABBY,FEMALE,0,UNDER WEIGHT,STRAY,5
BLACK,MALE,0,ILL,STRAY,68
GRAY,FEMALE,0,NORMAL,STRAY,22
BLACK,MALE,4,INJURED,STRAY,43
GRAY,FEMALE,0,UNDER WEIGHT,STRAY,10
TABBY,MALE,0,UNDER WEIGHT,STRAY,4
OTHER,FEMALE,0,NORMAL,STRAY,113
TABBY,MALE,1,NORMAL,STRAY,106
TABBY,FEMALE,0,UNDER WEIGHT,STRAY,34
OTHER,FEMALE,0,UNDER WEIGHT,STRAY,2
TABBY,MALE,0,NORMAL,OTHER,32
OTHER,FEMALE,0,UNDER WEIGHT,STRAY,3
BLACK,FEMALE,0,NORMAL,STRAY,4
OTHER,FEMALE,0,UNDER WEIGHT,STRAY,82
GRAY,MALE,1,NORMAL,OWNER SURRENDER,38
TABBY,MALE,4,ILL,STRAY,17
TABBY,MALE,0,NORMAL,STRAY,40
BLACK,MALE,7,NORMAL,STRAY,52
GRAY,MALE,0,ILL,STRAY,15
BLACK,MALE,5,NORMAL,STRAY,3
WHITE,FEMALE,1,INJURED,STRAY,6
BLACK,MALE,4,INJURED,STRAY,35
TABBY,MALE,0,UNDER WEIGHT,STRAY,47
TABBY,FEMALE,0,UNDER WEIGHT,STRAY,41
OTHER,MALE,4,NORMAL,OWNER SURRENDER,14
BLACK,MALE,0,NORMAL,STRAY,2
TABBY,MALE,2,INJURED,STRAY,8
TABBY,FEMALE,0,ILL,STRAY,23
OTHER,MALE,0,ILL,STRAY,23
TABBY,FEMALE,0,OTHER,STRAY,61
GRAY,MALE,0,OTHER,STRAY,30
GRAY,MALE,0,OTHER,STRAY,37
OTHER,FEMALE,0,ILL,STRAY,15
TABBY,MALE,0,UNDER WEIGHT,STRAY,48
TABBY,FEMALE,1,NORMAL,STRAY,11
OTHER,FEMALE,0,NORMAL,OTHER,14
OTHER,FEMALE,0,NORMAL,STRAY,102
BLACK,MALE,0,UNDER WEIGHT,STRAY,92
TABBY,FEMALE,0,ILL,OWNER SURRENDER,42
OTHER,FEMALE,4,ILL,STRAY,131
TABBY,FEMALE,0,ILL,STRAY,107
TABBY,FEMALE,0,NORMAL,STRAY,104
BLACK,FEMALE,1,INJURED,STRAY,101
TABBY,FEMALE,0,OTHER,STRAY,98
TABBY,MALE,0,ILL,OTHER,13
TABBY,FEMALE,0,ILL,STRAY,76
BLACK,MALE,0,UNDER WEIGHT,STRAY,81
WHITE,MALE,9,OTHER,OWNER SURRENDER,17
BLACK,MALE,3,NORMAL,OWNER SURRENDER,78
BLACK,FEMALE,3,NORMAL,OWNER SURRENDER,90
BLACK,FEMALE,1,NORMAL,STRAY,9
BLACK,MALE,0,NORMAL,OWNER SURRENDER,3
TABBY,MALE,1,NORMAL,STRAY,58
BLACK,MALE,3,OTHER,STRAY,16
TABBY,FEMALE,3,NORMAL,STRAY,7
BLACK,MALE,1,NORMAL,OWNER SURRENDER,132
OTHER,MALE,2,NORMAL,OWNER SURRENDER,57
TABBY,MALE,8,NORMAL,STRAY,13
OTHER,FEMALE,3,NORMAL,STRAY,50
OTHER,FEMALE,4,NORMAL,OWNER SURRENDER,30
TABBY,MALE,3,NORMAL,STRAY,25
OTHER,FEMALE,2,NORMAL,STRAY,100
OTHER,FEMALE,0,ILL,STRAY,24
WHITE,FEMALE,0,NORMAL,STRAY,11
TABBY,FEMALE,0,UNDER WEIGHT,STRAY,7
BLACK,MALE,0,UNDER WEIGHT,STRAY,57
OTHER,MALE,4,NORMAL,OWNER SURRENDER,28
WHITE,MALE,0,NORMAL,STRAY,12
TABBY,MALE,0,OTHER,STRAY,44
TABBY,MALE,1,OTHER,OWNER SURRENDER,91
OTHER,MALE,4,NORMAL,STRAY,47
OTHER,FEMALE,2,OTHER,STRAY,63
OTHER,FEMALE,2,NORMAL,STRAY,9
OTHER,MALE,0,NORMAL,STRAY,13
TABBY,FEMALE,0,NORMAL,STRAY,79
BLACK,MALE,8,NORMAL,OWNER SURRENDER,60
WHITE,FEMALE,3,NORMAL,STRAY,46
OTHER,FEMALE,0,NORMAL,STRAY,26
BLACK,MALE,0,NORMAL,STRAY,16
GRAY,MALE,0,NORMAL,STRAY,7
WHITE,FEMALE,0,NORMAL,STRAY,19
OTHER,MALE,7,NORMAL,OWNER SURRENDER,3
TABBY,FEMALE,0,NORMAL,STRAY,31
BLACK,FEMALE,0,NORMAL,OWNER SURRENDER,34
TABBY,MALE,0,NORMAL,STRAY,128
BLACK,MALE,3,NORMAL,STRAY,57
OTHER,FEMALE,3,NORMAL,STRAY,30
WHITE,FEMALE,0,NORMAL,STRAY,38
WHITE,MALE,0,NORMAL,STRAY,13
TABBY,MALE,2,NORMAL,STRAY,43
WHITE,MALE,2,NORMAL,STRAY,77
WHITE,MALE,4,NORMAL,STRAY,26
TABBY,FEMALE,0,NORMAL,STRAY,6
OTHER,FEMALE,0,UNDER WEIGHT,STRAY,30
BLACK,FEMALE,0,UNDER WEIGHT,STRAY,32
GRAY,FEMALE,0,NORMAL,STRAY,11
GRAY,MALE,0,NORMAL,STRAY,13
OTHER,FEMALE,0,NORMAL,STRAY,11
TABBY,MALE,0,UNDER WEIGHT,STRAY,43
BLACK,FEMALE,0,OTHER,STRAY,16
WHITE,FEMALE,0,NORMAL,STRAY,7
OTHER,FEMALE,3,NORMAL,STRAY,86
WHITE,FEMALE,0,NORMAL,STRAY,14
OTHER,FEMALE,2,NORMAL,STRAY,27
GRAY,MALE,0,NORMAL,OWNER SURRENDER,6
BLACK,MALE,0,NORMAL,STRAY,26
OTHER,FEMALE,3,NORMAL,STRAY,72
OTHER,FEMALE,0,NORMAL,STRAY,57
BLACK,MALE,4,NORMAL,STRAY,74
BLACK,MALE,3,NORMAL,STRAY,9
BLACK,FEMALE,7,NORMAL,OWNER SURRENDER,24
BLACK,MALE,0,ILL,STRAY,7
OTHER,FEMALE,4,ILL,OWNER SURRENDER,124
OTHER,FEMALE,0,NORMAL,STRAY,5
TABBY,MALE,0,NORMAL,STRAY,4
OTHER,MALE,0,NORMAL,OWNER SURRENDER,4
TABBY,FEMALE,0,UNDER WEIGHT,STRAY,22
TABBY,MALE,5,NORMAL,OTHER,83
TABBY,MALE,0,NORMAL,STRAY,140
BLACK,MALE,4,NORMAL,STRAY,4
BLACK,MALE,0,NORMAL,STRAY,85
GRAY,MALE,0,NORMAL,STRAY,9
BLACK,FEMALE,0,UNDER WEIGHT,STRAY,50
WHITE,MALE,0,NORMAL,OWNER SURRENDER,34
TABBY,FEMALE,0,OTHER,STRAY,146
BLACK,MALE,0,NORMAL,OTHER,30
BLACK,FEMALE,1,NORMAL,STRAY,89
TABBY,MALE,0,NORMAL,STRAY,12
BLACK,MALE,0,OTHER,STRAY,67
OTHER,MALE,0,NORMAL,STRAY,55
TABBY,MALE,0,NORMAL,STRAY,44
OTHER,FEMALE,2,NORMAL,STRAY,56
TABBY,MALE,0,NORMAL,STRAY,34
WHITE,MALE,0,NORMAL,OWNER SURRENDER,36
BLACK,MALE,0,NORMAL,STRAY,109
BLACK,FEMALE,1,NORMAL,OWNER SURRENDER,120
OTHER,MALE,0,NORMAL,STRAY,130
GRAY,MALE,1,NORMAL,STRAY,21
BLACK,MALE,0,OTHER,STRAY,44
TABBY,MALE,0,INJURED,STRAY,48
WHITE,MALE,9,ILL,STRAY,77
WHITE,FEMALE,7,OTHER,OWNER SURRENDER,80
OTHER,FEMALE,9,NORMAL,OWNER SURRENDER,7
OTHER,FEMALE,0,NORMAL,STRAY,3
TABBY,FEMALE,0,NORMAL,STRAY,5
GRAY,FEMALE,0,NORMAL,STRAY,10
OTHER,FEMALE,0,OTHER,STRAY,43
BLACK,FEMALE,2,NORMAL,STRAY,57
WHITE,FEMALE,0,NORMAL,STRAY,72
WHITE,FEMALE,1,NORMAL,STRAY,25
GRAY,MALE,4,NORMAL,STRAY,98
TABBY,FEMALE,0,NORMAL,OWNER SURRENDER,42
OTHER,MALE,0,NORMAL,STRAY,6
BLACK,MALE,1,NORMAL,STRAY,17
OTHER,FEMALE,2,OTHER,STRAY,44
WHITE,MALE,2,NORMAL,STRAY,16
TABBY,FEMALE,0,NORMAL,STRAY,115
WHITE,MALE,2,OTHER,STRAY,23
TABBY,MALE,0,UNDER WEIGHT,STRAY,22
BLACK,FEMALE,0,NORMAL,STRAY,33
BLACK,MALE,0,NORMAL,STRAY,70
BLACK,FEMALE,0,NORMAL,STRAY,63
TABBY,MALE,0,OTHER,STRAY,143
BLACK,MALE,4,NORMAL,STRAY,15
BLACK,FEMALE,0,UNDER WEIGHT,STRAY,88
BLACK,MALE,0,UNDER WEIGHT,STRAY,88
TABBY,FEMALE,0,UNDER WEIGHT,STRAY,54
TABBY,MALE,0,UNDER WEIGHT,STRAY,6
TABBY,FEMALE,0,NORMAL,STRAY,82
TABBY,MALE,0,NORMAL,STRAY,49
OTHER,FEMALE,0,NORMAL,STRAY,3
TABBY,MALE,0,NORMAL,STRAY,42
OTHER,MALE,0,ILL,STRAY,43
OTHER,FEMALE,0,NORMAL,STRAY,33
TABBY,FEMALE,0,UNDER WEIGHT,STRAY,57
WHITE,FEMALE,0,NORMAL,STRAY,111
TABBY,FEMALE,1,NORMAL,STRAY,33
TABBY,MALE,0,NORMAL,STRAY,57
TABBY,MALE,0,NORMAL,STRAY,4
BLACK,FEMALE,0,UNDER WEIGHT,STRAY,44
GRAY,MALE,6,NORMAL,OWNER SURRENDER,107
OTHER,FEMALE,0,NORMAL,STRAY,21
BLACK,MALE,0,NORMAL,STRAY,144
TABBY,FEMALE,0,NORMAL,STRAY,72
TABBY,FEMALE,0,NORMAL,STRAY,23
TABBY,MALE,0,UNDER WEIGHT,STRAY,7
TABBY,FEMALE,0,ILL,STRAY,136
BLACK,FEMALE,0,NORMAL,STRAY,49
OTHER,FEMALE,0,NORMAL,STRAY,23
TABBY,FEMALE,0,OTHER,STRAY,5
WHITE,FEMALE,0,UNDER WEIGHT,STRAY,87
WHITE,MALE,0,UNDER WEIGHT,STRAY,76
BLACK,MALE,0,UNDER WEIGHT,STRAY,105
GRAY,MALE,0,INJURED,STRAY,80
BLACK,MALE,0,NORMAL,STRAY,110
TABBY,FEMALE,0,NORMAL,STRAY,100
BLACK,FEMALE,0,NORMAL,STRAY,83
TABBY,FEMALE,0,UNDER WEIGHT,STRAY,22
TABBY,MALE,0,NORMAL,STRAY,116
TABBY,MALE,2,ILL,OWNER SURRENDER,71
TABBY,MALE,0,NORMAL,STRAY,80
TABBY,MALE,0,ILL,STRAY,41
TABBY,FEMALE,0,NORMAL,OTHER,35
OTHER,FEMALE,0,NORMAL,STRAY,6
BLACK,MALE,0,ILL,STRAY,6
GRAY,MALE,6,ILL,STRAY,50
TABBY,FEMALE,0,NORMAL,STRAY,92
TABBY,MALE,0,ILL,STRAY,119
WHITE,MALE,0,NORMAL,OWNER SURRENDER,42
OTHER,FEMALE,0,NORMAL,STRAY,98
OTHER,MALE,0,NORMAL,OWNER SURRENDER,6
OTHER,FEMALE,0,NORMAL,STRAY,95
OTHER,FEMALE,9,NORMAL,OWNER SURRENDER,108
OTHER,FEMALE,0,NORMAL,STRAY,25
BLACK,FEMALE,0,NORMAL,STRAY,18
GRAY,FEMALE,2,NORMAL,STRAY,20
TABBY,FEMALE,0,ILL,STRAY,19
WHITE,MALE,2,ILL,STRAY,62
BLACK,MALE,1,NORMAL,STRAY,55
GRAY,MALE,1,OTHER,STRAY,7
OTHER,FEMALE,9,ILL,OWNER SURRENDER,43
BLACK,FEMALE,0,NORMAL,STRAY,14
BLACK,MALE,1,OTHER,STRAY,36
TABBY,MALE,0,ILL,STRAY,136
OTHER,MALE,0,UNDER WEIGHT,STRAY,19
WHITE,MALE,3,NORMAL,OWNER SURRENDER,20
BLACK,FEMALE,2,ILL,STRAY,12
OTHER,MALE,0,NORMAL,STRAY,127
BLACK,FEMALE,0,NORMAL,STRAY,1
BLACK,FEMALE,2,NORMAL,OWNER SURRENDER,54
OTHER,FEMALE,5,NORMAL,OTHER,85
WHITE,FEMALE,0,OTHER,STRAY,10
BLACK,MALE,5,OTHER,STRAY,40
BLACK,MALE,0,NORMAL,STRAY,40
GRAY,FEMALE,3,NORMAL,OWNER SURRENDER,25
TABBY,FEMALE,3,NORMAL,OWNER SURRENDER,57
OTHER,MALE,4,INJURED,STRAY,41
OTHER,FEMALE,0,NORMAL,STRAY,15
BLACK,MALE,0,NORMAL,STRAY,19
BLACK,MALE,9,OTHER,OWNER SURRENDER,20
OTHER,FEMALE,0,OTHER,STRAY,7
GRAY,FEMALE,0,ILL,STRAY,34
TABBY,FEMALE,0,OTHER,STRAY,15
OTHER,FEMALE,0,UNDER WEIGHT,STRAY,17
TABBY,FEMALE,0,UNDER WEIGHT,STRAY,124
OTHER,FEMALE,0,NORMAL,STRAY,18
TABBY,MALE,0,OTHER,STRAY,25
BLACK,MALE,0,NORMAL,OWNER SURRENDER,149
OTHER,MALE,0,NORMAL,STRAY,3
TABBY,MALE,0,INJURED,STRAY,34
GRAY,FEMALE,0,NORMAL,STRAY,34
GRAY,MALE,0,NORMAL,STRAY,36
GRAY,FEMALE,0,NORMAL,STRAY,37
OTHER,MALE,0,NORMAL,STRAY,3
BLACK,FEMALE,0,NORMAL,STRAY,34
BLACK,MALE,1,NORMAL,STRAY,12
OTHER,FEMALE,0,UNDER WEIGHT,STRAY,4
OTHER,FEMALE,2,ILL,STRAY,41
GRAY,MALE,0,NORMAL,STRAY,24
OTHER,FEMALE,2,NORMAL,STRAY,57
OTHER,FEMALE,0,NORMAL,STRAY,35
OTHER,FEMALE,0,UNDER WEIGHT,STRAY,84
OTHER,FEMALE,0,NORMAL,OWNER SURRENDER,33
BLACK,MALE,0,NORMAL,STRAY,17
GRAY,FEMALE,1,INJURED,STRAY,34
OTHER,FEMALE,0,UNDER WEIGHT,STRAY,1
BLACK,FEMALE,0,ILL,STRAY,27
OTHER,MALE,2,NORMAL,OWNER SURRENDER,13
TABBY,FEMALE,1,NORMAL,STRAY,54
TABBY,MALE,2,NORMAL,STRAY,17
TABBY,MALE,0,OTHER,STRAY,6
BLACK,MALE,1,ILL,STRAY,40
OTHER,FEMALE,1,NORMAL,STRAY,14
WHITE,FEMALE,3,NORMAL,STRAY,30
TABBY,FEMALE,1,NORMAL,OWNER SURRENDER,6
TABBY,MALE,3,NORMAL,STRAY,6
OTHER,FEMALE,0,NORMAL,OWNER SURRENDER,5
OTHER,MALE,2,NORMAL,STRAY,6
OTHER,MALE,9,NORMAL,STRAY,132
OTHER,MALE,3,NORMAL,OTHER,41
BLACK,FEMALE,0,ILL,OWNER SURRENDER,32
TABBY,MALE,2,NORMAL,OWNER SURRENDER,18
GRAY,FEMALE,0,NORMAL,OWNER SURRENDER,45
BLACK,MALE,0,INJURED,STRAY,12
OTHER,FEMALE,0,NORMAL,STRAY,3
GRAY,MALE,0,NORMAL,STRAY,8
BLACK,MALE,0,NORMAL,STRAY,69
BLACK,FEMALE,0,UNDER WEIGHT,STRAY,104
BLACK,FEMALE,0,UNDER WEIGHT,STRAY,63
TABBY,FEMALE,0,OTHER,STRAY,17
GRAY,MALE,4,NORMAL,STRAY,50
OTHER,FEMALE,2,NORMAL,OWNER SURRENDER,43
TABBY,FEMALE,0,INJURED,STRAY,68
GRAY,FEMALE,0,NORMAL,STRAY,98
BLACK,FEMALE,0,NORMAL,STRAY,52
TABBY,MALE,0,NORMAL,STRAY,33
TABBY,MALE,0,NORMAL,STRAY,49
OTHER,MALE,0,NORMAL,STRAY,112
GRAY,FEMALE,0,UNDER WEIGHT,STRAY,77
GRAY,MALE,0,ILL,STRAY,27
BLACK,MALE,0,ILL,STRAY,46
TABBY,FEMALE,0,UNDER WEIGHT,STRAY,29
TABBY,FEMALE,0,NORMAL,STRAY,76
GRAY,MALE,0,UNDER WEIGHT,STRAY,39
TABBY,FEMALE,0,NORMAL,STRAY,71
GRAY,MALE,0,UNDER WEIGHT,STRAY,19
OTHER,MALE,0,NORMAL,STRAY,23
OTHER,FEMALE,0,ILL,STRAY,31
TABBY,FEMALE,0,UNDER WEIGHT,STRAY,29
BLACK,FEMALE,0,NORMAL,STRAY,95
GRAY,MALE,0,NORMAL,STRAY,121
TABBY,FEMALE,0,NORMAL,STRAY,131
GRAY,MALE,0,NORMAL,STRAY,29
OTHER,FEMALE,7,NORMAL,OWNER SURRENDER,27
OTHER,MALE,0,NORMAL,STRAY,17
TABBY,MALE,1,ILL,STRAY,85
OTHER,FEMALE,0,NORMAL,STRAY,1
OTHER,FEMALE,0,NORMAL,OTHER,62
GRAY,FEMALE,1,NORMAL,OTHER,32
OTHER,FEMALE,6,ILL,OWNER SURRENDER,71
OTHER,FEMALE,4,NORMAL,STRAY,68
TABBY,FEMALE,7,NORMAL,STRAY,64
WHITE,MALE,0,ILL,STRAY,59
BLACK,FEMALE,0,UNDER WEIGHT,STRAY,134
TABBY,FEMALE,0,UNDER WEIGHT,STRAY,18
OTHER,FEMALE,0,NORMAL,STRAY,71
OTHER,MALE,0,UNDER WEIGHT,STRAY,23
TABBY,FEMALE,0,UNDER WEIGHT,OTHER,33
OTHER,FEMALE,0,NORMAL,STRAY,10
BLACK,MALE,0,ILL,STRAY,11
OTHER,FEMALE,2,ILL,OWNER SURRENDER,94
TABBY,MALE,8,ILL,STRAY,59
TABBY,FEMALE,0,ILL,STRAY,17
BLACK,FEMALE,0,NORMAL,STRAY,30
BLACK,MALE,0,ILL,STRAY,36
GRAY,MALE,2,NORMAL,OWNER SURRENDER,47
GRAY,MALE,0,NORMAL,OWNER SURRENDER,53
TABBY,MALE,3,OTHER,STRAY,120
WHITE,MALE,5,INJURED,STRAY,113
OTHER,MALE,1,NORMAL,OWNER SURRENDER,9
TABBY,MALE,2,NORMAL,OWNER SURRENDER,64
OTHER,FEMALE,3,NORMAL,STRAY,45
OTHER,FEMALE,0,UNDER WEIGHT,STRAY,17
WHITE,FEMALE,0,UNDER WEIGHT,STRAY,81
OTHER,MALE,0,UNDER WEIGHT,STRAY,28
TABBY,MALE,0,UNDER WEIGHT,STRAY,63
OTHER,FEMALE,0,UNDER WEIGHT,STRAY,49
WHITE,MALE,5,NORMAL,OWNER SURRENDER,55
OTHER,MALE,5,NORMAL,OWNER SURRENDER,53
TABBY,MALE,0,UNDER WEIGHT,STRAY,9
OTHER,MALE,7,NORMAL,OWNER SURRENDER,28
GRAY,FEMALE,2,NORMAL,OTHER,94
TABBY,MALE,0,UNDER WEIGHT,STRAY,53
TABBY,MALE,7,ILL,STRAY,25
BLACK,MALE,3,NORMAL,OWNER SURRENDER,58
TABBY,MALE,0,NORMAL,STRAY,69
GRAY,MALE,0,UNDER WEIGHT,STRAY,118
OTHER,FEMALE,0,INJURED,STRAY,102
BLACK,MALE,0,UNDER WEIGHT,STRAY,36
BLACK,MALE,0,ILL,STRAY,20
OTHER,MALE,0,ILL,STRAY,46
TABBY,FEMALE,0,UNDER WEIGHT,STRAY,12
WHITE,FEMALE,0,UNDER WEIGHT,STRAY,46
WHITE,FEMALE,0,UNDER WEIGHT,STRAY,23
TABBY,MALE,0,UNDER WEIGHT,STRAY,18
OTHER,FEMALE,0,OTHER,OTHER,13
TABBY,FEMALE,0,ILL,STRAY,26
TABBY,MALE,0,NORMAL,STRAY,133
OTHER,FEMALE,0,UNDER WEIGHT,STRAY,2
BLACK,MALE,0,UNDER WEIGHT,STRAY,43
BLACK,MALE,0,NORMAL,OTHER,16
TABBY,MALE,0,UNDER WEIGHT,STRAY,37
OTHER,FEMALE,3,OTHER,OWNER SURRENDER,20
TABBY,MALE,4,NORMAL,OWNER SURRENDER,127
TABBY,FEMALE,0,UNDER WEIGHT,STRAY,63
OTHER,FEMALE,0,NORMAL,OWNER SURRENDER,24
GRAY,FEMALE,0,UNDER WEIGHT,STRAY,28
OTHER,FEMALE,0,UNDER WEIGHT,STRAY,75
BLACK,MALE,0,OTHER,STRAY,20
WHITE,FEMALE,0,ILL,STRAY,85
OTHER,FEMALE,0,UNDER WEIGHT,STRAY,32
OTHER,FEMALE,0,NORMAL,STRAY,100
TABBY,FEMALE,0,NORMAL,STRAY,113
GRAY,MALE,0,NORMAL,OWNER SURRENDER,2
TABBY,MALE,0,ILL,STRAY,53
TABBY,FEMALE,0,UNDER WEIGHT,STRAY,3
TABBY,MALE,0,NORMAL,STRAY,70
OTHER,FEMALE,3,NORMAL,OWNER SURRENDER,17
BLACK,FEMALE,0,UNDER WEIGHT,STRAY,99
BLACK,MALE,0,ILL,STRAY,40
TABBY,MALE,0,ILL,STRAY,28
OTHER,MALE,0,NORMAL,STRAY,7
GRAY,FEMALE,3,INJURED,STRAY,63
BLACK,MALE,0,NORMAL,OTHER,111
TABBY,MALE,5,NORMAL,OWNER SURRENDER,7
BLACK,FEMALE,0,ILL,STRAY,10
TABBY,FEMALE,1,NORMAL,OTHER,16
BLACK,MALE,9,NORMAL,OWNER SURRENDER,28
TABBY,MALE,4,NORMAL,STRAY,78
WHITE,MALE,8,NORMAL,OWNER SURRENDER,6
TABBY,FEMALE,1,INJURED,STRAY,13
TABBY,FEMALE,0,UNDER WEIGHT,STRAY,47
OTHER,FEMALE,1,NORMAL,OWNER SURRENDER,120
BLACK,FEMALE,0,NORMAL,OWNER SURRENDER,85
WHITE,FEMALE,7,NORMAL,OTHER,9
TABBY,MALE,2,NORMAL,OWNER SURRENDER,38
OTHER,FEMALE,2,NORMAL,OWNER SURRENDER,38
TABBY,FEMALE,0,UNDER WEIGHT,STRAY,97
GRAY,FEMALE,0,OTHER,STRAY,2
TABBY,MALE,0,NORMAL,STRAY,3
BLACK,FEMALE,0,NORMAL,STRAY,2
TABBY,FEMALE,0,UNDER WEIGHT,STRAY,1
GRAY,FEMALE,0,UNDER WEIGHT,STRAY,40
WHITE,FEMALE,0,UNDER WEIGHT,STRAY,39
BLACK,FEMALE,0,UNDER WEIGHT,STRAY,17
GRAY,MALE,0,NORMAL,OTHER,49
OTHER,MALE,0,NORMAL,STRAY,8
GRAY,FEMALE,0,ILL,STRAY,3
TABBY,MALE,1,INJURED,STRAY,112
TABBY,MALE,0,ILL,STRAY,91
TABBY,FEMALE,8,OTHER,STRAY,85
OTHER,FEMALE,0,UNDER WEIGHT,STRAY,7
BLACK,MALE,0,ILL,STRAY,124
WHITE,MALE,8,INJURED,STRAY,97
TABBY,MALE,3,ILL,OWNER SURRENDER,56
BLACK,MALE,0,OTHER,STRAY,72
BLACK,FEMALE,0,OTHER,STRAY,72
OTHER,FEMALE,0,ILL,STRAY,43
BLACK,MALE,0,NORMAL,STRAY,64
BLACK,MALE,0,UNDER WEIGHT,STRAY,85
OTHER,FEMALE,0,INJURED,STRAY,46
OTHER,FEMALE,2,ILL,STRAY,60
OTHER,FEMALE,9,NORMAL,OWNER SURRENDER,65
OTHER,FEMALE,8,NORMAL,OWNER SURRENDER,132
OTHER,FEMALE,7,NORMAL,OWNER SURRENDER,15
OTHER,FEMALE,6,OTHER,OWNER SURRENDER,60
BLACK,MALE,5,NORMAL,OWNER SURRENDER,6
GRAY,FEMALE,2,NORMAL,STRAY,16
TABBY,MALE,5,OTHER,OTHER,99
GRAY,FEMALE,0,NORMAL,STRAY,42
OTHER,FEMALE,1,NORMAL,OTHER,30
GRAY,FEMALE,6,INJURED,OWNER SURRENDER,83
OTHER,FEMALE,4,NORMAL,OWNER SURRENDER,132
TABBY,MALE,2,INJURED,STRAY,31
BLACK,MALE,7,NORMAL,STRAY,65
BLACK,MALE,4,ILL,STRAY,103
BLACK,FEMALE,5,NORMAL,OWNER SURRENDER,62
TABBY,MALE,0,UNDER WEIGHT,STRAY,5
TABBY,FEMALE,0,NORMAL,STRAY,19
WHITE,MALE,0,NORMAL,STRAY,8
TABBY,FEMALE,0,OTHER,STRAY,56
TABBY,FEMALE,0,NORMAL,STRAY,48
WHITE,MALE,3,NORMAL,STRAY,42
OTHER,FEMALE,0,NORMAL,STRAY,13
OTHER,MALE,0,NORMAL,STRAY,42
OTHER,FEMALE,0,UNDER WEIGHT,STRAY,83
BLACK,FEMALE,0,NORMAL,STRAY,110
TABBY,FEMALE,0,NORMAL,STRAY,26
OTHER,MALE,0,NORMAL,STRAY,79
OTHER,MALE,0,NORMAL,OTHER,20
OTHER,FEMALE,2,NORMAL,STRAY,48
BLACK,MALE,0,UNDER WEIGHT,STRAY,100
GRAY,FEMALE,0,UNDER WEIGHT,STRAY,69
WHITE,FEMALE,0,ILL,STRAY,10
TABBY,FEMALE,0,NORMAL,STRAY,12
TABBY,FEMALE,4,NORMAL,STRAY,15
BLACK,MALE,4,NORMAL,OWNER SURRENDER,78
OTHER,MALE,1,NORMAL,OWNER SURRENDER,52
BLACK,FEMALE,4,NORMAL,STRAY,38
OTHER,FEMALE,0,NORMAL,STRAY,59
OTHER,FEMALE,0,NORMAL,STRAY,38
TABBY,FEMALE,0,NORMAL,STRAY,62
GRAY,MALE,2,NORMAL,OWNER SURRENDER,47
TABBY,MALE,3,NORMAL,STRAY,72
GRAY,MALE,0,NORMAL,STRAY,35
BLACK,MALE,0,NORMAL,STRAY,6
BLACK,MALE,0,UNDER WEIGHT,STRAY,51
TABBY,FEMALE,4,ILL,OWNER SURRENDER,129
OTHER,FEMALE,4,NORMAL,STRAY,43
OTHER,MALE,0,NORMAL,OWNER SURRENDER,1
TABBY,FEMALE,0,UNDER WEIGHT,STRAY,104
OTHER,FEMALE,0,NORMAL,STRAY,13
TABBY,MALE,2,NORMAL,STRAY,21
OTHER,FEMALE,7,NORMAL,STRAY,103
OTHER,FEMALE,0,NORMAL,STRAY,25
TABBY,MALE,8,NORMAL,STRAY,13
OTHER,FEMALE,3,NORMAL,OWNER SURRENDER,50
GRAY,FEMALE,1,NORMAL,OWNER SURRENDER,1
WHITE,MALE,4,NORMAL,STRAY,34
BLACK,FEMALE,0,ILL,OTHER,139
OTHER,MALE,2,INJURED,STRAY,18
OTHER,FEMALE,0,NORMAL,STRAY,8
OTHER,FEMALE,1,NORMAL,STRAY,44
OTHER,FEMALE,2,NORMAL,OWNER SURRENDER,148
TABBY,MALE,1,NORMAL,STRAY,7
TABBY,FEMALE,4,NORMAL,STRAY,76
OTHER,FEMALE,0,UNDER WEIGHT,STRAY,36
TABBY,FEMALE,0,NORMAL,STRAY,19
GRAY,FEMALE,7,NORMAL,OWNER SURRENDER,28
TABBY,FEMALE,0,NORMAL,STRAY,112
TABBY,FEMALE,0,UNDER WEIGHT,STRAY,83
TABBY,FEMALE,0,NORMAL,STRAY,11
OTHER,MALE,4,NORMAL,OWNER SURRENDER,10
TABBY,FEMALE,1,NORMAL,STRAY,60
OTHER,MALE,0,NORMAL,STRAY,12
GRAY,MALE,0,UNDER WEIGHT,STRAY,61
OTHER,MALE,0,NORMAL,STRAY,62
OTHER,FEMALE,0,NORMAL,STRAY,6
TABBY,FEMALE,0,NORMAL,STRAY,109
OTHER,FEMALE,4,NORMAL,OWNER SURRENDER,2
OTHER,FEMALE,0,NORMAL,STRAY,30
GRAY,MALE,0,NORMAL,STRAY,14
OTHER,FEMALE,8,NORMAL,OTHER,59
BLACK,MALE,0,UNDER WEIGHT,STRAY,64
TABBY,MALE,0,NORMAL,STRAY,3
BLACK,MALE,0,NORMAL,STRAY,11
GRAY,MALE,0,NORMAL,STRAY,21
TABBY,MALE,0,NORMAL,STRAY,41
TABBY,FEMALE,4,NORMAL,STRAY,119
OTHER,MALE,0,UNDER WEIGHT,STRAY,45
GRAY,FEMALE,0,UNDER WEIGHT,STRAY,54
GRAY,MALE,0,ILL,STRAY,70
OTHER,FEMALE,0,OTHER,STRAY,18
TABBY,MALE,1,OTHER,OWNER SURRENDER,18
OTHER,MALE,3,INJURED,STRAY,15
TABBY,FEMALE,7,NORMAL,OWNER SURRENDER,122
GRAY,FEMALE,0,NORMAL,STRAY,4
OTHER,FEMALE,7,NORMAL,OWNER SURRENDER,139
GRAY,MALE,3,OTHER,STRAY,7
TABBY,FEMALE,4,NORMAL,STRAY,5
BLACK,FEMALE,0,NORMAL,STRAY,5
GRAY,MALE,9,NORMAL,STRAY,37
OTHER,MALE,6,ILL,STRAY,52
OTHER,FEMALE,0,UNDER WEIGHT,STRAY,83
BLACK,FEMALE,0,UNDER WEIGHT,STRAY,37
WHITE,MALE,0,UNDER WEIGHT,STRAY,11
WHITE,FEMALE,0,NORMAL,STRAY,10
TABBY,FEMALE,0,OTHER,STRAY,42
WHITE,MALE,0,UNDER WEIGHT,STRAY,14
OTHER,FEMALE,0,UNDER WEIGHT,STRAY,18
GRAY,MALE,0,ILL,STRAY,11
WHITE,MALE,0,ILL,STRAY,40
TABBY,MALE,0,OTHER,STRAY,32
BLACK,MALE,0,UNDER WEIGHT,STRAY,7
GRAY,FEMALE,0,NORMAL,STRAY,19
BLACK,FEMALE,0,UNDER WEIGHT,STRAY,13
OTHER,MALE,0,NORMAL,STRAY,3
OTHER,MALE,0,UNDER WEIGHT,STRAY,8
BLACK,FEMALE,0,NORMAL,STRAY,2
TABBY,MALE,4,ILL,STRAY,130
OTHER,FEMALE,4,NORMAL,OWNER SURRENDER,43
BLACK,MALE,0,NORMAL,STRAY,41
TABBY,MALE,0,NORMAL,STRAY,49
OTHER,FEMALE,0,NORMAL,STRAY,49
TABBY,FEMALE,0,UNDER WEIGHT,STRAY,0
BLACK,FEMALE,0,NORMAL,OWNER SURRENDER,33
BLACK,MALE,0,OTHER,STRAY,85
OTHER,FEMALE,4,NORMAL,OWNER SURRENDER,140
TABBY,FEMALE,0,UNDER WEIGHT,STRAY,7
TABBY,MALE,0,NORMAL,STRAY,80
OTHER,FEMALE,0,INJURED,OWNER SURRENDER,10
TABBY,MALE,0,UNDER WEIGHT,STRAY,112
TABBY,FEMALE,0,NORMAL,STRAY,69
TABBY,MALE,0,NORMAL,STRAY,68
TABBY,MALE,0,NORMAL,STRAY,53
BLACK,MALE,0,NORMAL,STRAY,118
OTHER,FEMALE,0,NORMAL,STRAY,100
TABBY,MALE,0,NORMAL,STRAY,61
OTHER,MALE,1,NORMAL,OWNER SURRENDER,70
GRAY,FEMALE,0,NORMAL,STRAY,83
TABBY,MALE,0,UNDER WEIGHT,STRAY,95
TABBY,FEMALE,0,UNDER WEIGHT,STRAY,62
OTHER,FEMALE,0,UNDER WEIGHT,STRAY,73
TABBY,MALE,0,INJURED,STRAY,21
TABBY,FEMALE,0,NORMAL,STRAY,102
TABBY,FEMALE,0,UNDER WEIGHT,STRAY,42
TABBY,FEMALE,0,UNDER WEIGHT,STRAY,4
GRAY,MALE,0,UNDER WEIGHT,STRAY,34
TABBY,MALE,0,UNDER WEIGHT,STRAY,74
TABBY,MALE,0,UNDER WEIGHT,STRAY,92
BLACK,MALE,0,NORMAL,OWNER SURRENDER,56
TABBY,MALE,0,NORMAL,STRAY,64
TABBY,MALE,0,NORMAL,STRAY,71
OTHER,FEMALE,0,NORMAL,STRAY,14
GRAY,MALE,0,NORMAL,STRAY,17
WHITE,MALE,0,NORMAL,STRAY,21
OTHER,MALE,0,NORMAL,STRAY,20
BLACK,MALE,0,OTHER,STRAY,17
TABBY,MALE,0,OTHER,OTHER,22
TABBY,MALE,0,NORMAL,STRAY,28
GRAY,FEMALE,0,NORMAL,STRAY,30
WHITE,MALE,0,NORMAL,OWNER SURRENDER,16
GRAY,MALE,0,INJURED,STRAY,15
GRAY,FEMALE,0,NORMAL,OWNER SURRENDER,61
OTHER,MALE,2,NORMAL,STRAY,7
BLACK,MALE,3,NORMAL,OWNER SURRENDER,51
GRAY,FEMALE,2,NORMAL,OTHER,8
TABBY,FEMALE,1,NORMAL,STRAY,43
OTHER,MALE,2,NORMAL,OTHER,8
OTHER,FEMALE,2,ILL,OTHER,21
WHITE,MALE,0,NORMAL,OTHER,1
WHITE,FEMALE,1,NORMAL,STRAY,22
WHITE,MALE,1,OTHER,STRAY,12
WHITE,FEMALE,1,NORMAL,STRAY,8
GRAY,MALE,1,NORMAL,STRAY,10
BLACK,FEMALE,0,NORMAL,STRAY,73
TABBY,FEMALE,2,NORMAL,OWNER SURRENDER,22
TABBY,FEMALE,0,NORMAL,STRAY,36
TABBY,FEMALE,0,NORMAL,STRAY,13
GRAY,FEMALE,3,NORMAL,OWNER SURRENDER,27
BLACK,MALE,0,NORMAL,STRAY,47
BLACK,FEMALE,7,NORMAL,OWNER SURRENDER,72
TABBY,MALE,0,OTHER,STRAY,61
TABBY,MALE,0,NORMAL,STRAY,20
BLACK,FEMALE,0,ILL,OWNER SURRENDER,16
GRAY,FEMALE,5,NORMAL,OWNER SURRENDER,5
TABBY,FEMALE,0,NORMAL,STRAY,12
TABBY,FEMALE,0,NORMAL,STRAY,41
TABBY,MALE,0,NORMAL,STRAY,17
BLACK,FEMALE,0,NORMAL,OTHER,123
TABBY,FEMALE,0,NORMAL,STRAY,10
TABBY,FEMALE,0,OTHER,OTHER,21
BLACK,MALE,0,NORMAL,OTHER,21
BLACK,MALE,0,NORMAL,STRAY,34
WHITE,FEMALE,0,UNDER WEIGHT,STRAY,71
BLACK,FEMALE,0,NORMAL,STRAY,36
OTHER,MALE,0,UNDER WEIGHT,STRAY,101
BLACK,FEMALE,5,NORMAL,OTHER,19
BLACK,FEMALE,0,UNDER WEIGHT,STRAY,10
GRAY,MALE,1,NORMAL,STRAY,14
TABBY,MALE,0,UNDER WEIGHT,STRAY,19
TABBY,MALE,0,OTHER,STRAY,25
BLACK,MALE,0,UNDER WEIGHT,STRAY,62
OTHER,MALE,0,NORMAL,STRAY,14
OTHER,MALE,0,OTHER,STRAY,14
TABBY,MALE,0,NORMAL,STRAY,27
BLACK,MALE,5,ILL,STRAY,30
WHITE,MALE,2,NORMAL,STRAY,4
GRAY,MALE,2,NORMAL,OWNER SURRENDER,55
GRAY,MALE,2,NORMAL,OTHER,77
OTHER,FEMALE,0,NORMAL,OTHER,14
TABBY,FEMALE,0,NORMAL,STRAY,7
TABBY,MALE,2,INJURED,STRAY,6
BLACK,MALE,0,NORMAL,OWNER SURRENDER,14
OTHER,MALE,0,UNDER WEIGHT,STRAY,113
TABBY,FEMALE,2,NORMAL,OTHER,125
OTHER,FEMALE,8,NORMAL,OWNER SURRENDER,102
OTHER,MALE,0,NORMAL,STRAY,4
OTHER,FEMALE,0,NORMAL,STRAY,11
TABBY,MALE,2,ILL,STRAY,17
BLACK,MALE,0,UNDER WEIGHT,STRAY,53
OTHER,FEMALE,0,NORMAL,OTHER,41
GRAY,FEMALE,0,NORMAL,STRAY,35
TABBY,FEMALE,0,OTHER,STRAY,59
BLACK,FEMALE,0,INJURED,STRAY,85
TABBY,FEMALE,0,ILL,STRAY,23
BLACK,FEMALE,0,NORMAL,STRAY,77
TABBY,MALE,0,INJURED,STRAY,12
WHITE,MALE,4,NORMAL,STRAY,20
TABBY,FEMALE,0,NORMAL,STRAY,133
BLACK,FEMALE,0,INJURED,STRAY,39
BLACK,FEMALE,0,NORMAL,STRAY,102
GRAY,MALE,0,NORMAL,STRAY,39
WHITE,FEMALE,0,ILL,OWNER SURRENDER,116
OTHER,FEMALE,8,ILL,STRAY,43
TABBY,MALE,2,INJURED,OWNER SURRENDER,29
GRAY,MALE,0,ILL,STRAY,72
BLACK,FEMALE,1,NORMAL,STRAY,101
TABBY,FEMALE,0,INJURED,STRAY,19
OTHER,MALE,0,ILL,OWNER SURRENDER,43
TABBY,MALE,0,NORMAL,STRAY,118
OTHER,MALE,0,NORMAL,OTHER,25
BLACK,MALE,0,UNDER WEIGHT,STRAY,84
TABBY,FEMALE,4,NORMAL,STRAY,114
GRAY,MALE,0,INJURED,STRAY,18
BLACK,MALE,0,ILL,STRAY,54
TABBY,FEMALE,0,NORMAL,STRAY,3
TABBY,FEMALE,0,UNDER WEIGHT,STRAY,6
BLACK,FEMALE,0,ILL,STRAY,81
TABBY,FEMALE,0,UNDER WEIGHT,OTHER,32
BLACK,FEMALE,0,UNDER WEIGHT,STRAY,30
TABBY,MALE,0,UNDER WEIGHT,OTHER,33
TABBY,MALE,6,NORMAL,OWNER SURRENDER,25
TABBY,MALE,1,INJURED,STRAY,22
OTHER,MALE,8,NORMAL,STRAY,113
TABBY,MALE,5,ILL,STRAY,27
BLACK,MALE,2,NORMAL,OWNER SURRENDER,21
BLACK,MALE,2,INJURED,STRAY,48
GRAY,FEMALE,0,NORMAL,OWNER SURRENDER,38
OTHER,FEMALE,2,OTHER,OWNER SURRENDER,6
GRAY,MALE,4,OTHER,STRAY,25
TABBY,MALE,2,NORMAL,OWNER SURRENDER,44
BLACK,FEMALE,0,NORMAL,STRAY,112
TABBY,FEMALE,3,NORMAL,OWNER SURRENDER,2
GRAY,MALE,4,NORMAL,STRAY,31
OTHER,MALE,7,ILL,STRAY,18
BLACK,FEMALE,1,NORMAL,OTHER,14
BLACK,MALE,0,NORMAL,OTHER,14
TABBY,FEMALE,0,UNDER WEIGHT,STRAY,97
OTHER,FEMALE,0,UNDER WEIGHT,STRAY,96
WHITE,FEMALE,0,UNDER WEIGHT,STRAY,98
TABBY,FEMALE,3,OTHER,OTHER,75
OTHER,MALE,0,NORMAL,STRAY,56
TABBY,FEMALE,0,UNDER WEIGHT,STRAY,87
BLACK,FEMALE,1,OTHER,OWNER SURRENDER,68
OTHER,MALE,3,ILL,STRAY,105
TABBY,MALE,3,NORMAL,OTHER,37
OTHER,FEMALE,5,ILL,OTHER,38
OTHER,FEMALE,0,UNDER WEIGHT,STRAY,9
TABBY,MALE,3,NORMAL,STRAY,9
BLACK,FEMALE,0,NORMAL,STRAY,104
TABBY,MALE,1,NORMAL,STRAY,40
GRAY,MALE,2,NORMAL,OTHER,30
GRAY,MALE,1,NORMAL,OWNER SURRENDER,27
GRAY,MALE,0,NORMAL,STRAY,6
BLACK,MALE,4,ILL,STRAY,114
BLACK,MALE,0,INJURED,STRAY,36
OTHER,FEMALE,0,UNDER WEIGHT,STRAY,27
TABBY,MALE,0,UNDER WEIGHT,STRAY,9
OTHER,FEMALE,0,ILL,STRAY,13
TABBY,MALE,0,OTHER,OWNER SURRENDER,98
TABBY,MALE,1,ILL,STRAY,3
WHITE,FEMALE,1,INJURED,STRAY,42
TABBY,FEMALE,0,ILL,STRAY,17
TABBY,MALE,4,NORMAL,OTHER,32
BLACK,FEMALE,0,ILL,STRAY,23
OTHER,FEMALE,0,UNDER WEIGHT,STRAY,1
GRAY,FEMALE,1,ILL,STRAY,31
WHITE,MALE,0,NORMAL,STRAY,70
BLACK,FEMALE,2,NORMAL,STRAY,12
TABBY,FEMALE,0,ILL,STRAY,13
GRAY,FEMALE,0,ILL,STRAY,148
BLACK,MALE,0,INJURED,STRAY,74
WHITE,FEMALE,1,ILL,STRAY,5
TABBY,MALE,0,ILL,STRAY,133
OTHER,FEMALE,1,NORMAL,STRAY,72
BLACK,FEMALE,0,NORMAL,OTHER,37
WHITE,MALE,0,UNDER WEIGHT,STRAY,59
BLACK,FEMALE,0,NORMAL,STRAY,120
BLACK,MALE,0,NORMAL,STRAY,90
WHITE,FEMALE,1,ILL,STRAY,94
WHITE,FEMALE,0,ILL,STRAY,60
TABBY,MALE,0,UNDER WEIGHT,STRAY,84
OTHER,MALE,0,UNDER WEIGHT,STRAY,21
TABBY,MALE,0,INJURED,STRAY,35
BLACK,MALE,4,INJURED,STRAY,27
TABBY,FEMALE,0,UNDER WEIGHT,STRAY,23
GRAY,FEMALE,0,UNDER WEIGHT,STRAY,33
BLACK,FEMALE,0,NORMAL,STRAY,66
WHITE,MALE,0,ILL,STRAY,3
GRAY,FEMALE,0,ILL,STRAY,26
TABBY,MALE,0,INJURED,STRAY,91
WHITE,MALE,0,ILL,STRAY,85
BLACK,MALE,0,UNDER WEIGHT,STRAY,79
BLACK,MALE,0,INJURED,STRAY,128
GRAY,FEMALE,0,UNDER WEIGHT,STRAY,58
BLACK,MALE,0,NORMAL,STRAY,86
OTHER,FEMALE,0,NORMAL,STRAY,14
OTHER,FEMALE,1,NORMAL,OWNER SURRENDER,48
OTHER,FEMALE,1,INJURED,STRAY,45
OTHER,FEMALE,0,NORMAL,STRAY,6
OTHER,MALE,0,INJURED,STRAY,22
OTHER,MALE,0,NORMAL,STRAY,7
TABBY,FEMALE,0,NORMAL,STRAY,4
OTHER,MALE,1,NORMAL,OWNER SURRENDER,79
TABBY,MALE,0,NORMAL,STRAY,21
WHITE,FEMALE,0,INJURED,STRAY,9
TABBY,MALE,3,NORMAL,STRAY,43
BLACK,FEMALE,5,NORMAL,OWNER SURRENDER,118
BLACK,MALE,4,INJURED,STRAY,18
TABBY,FEMALE,0,ILL,STRAY,10
TABBY,MALE,4,INJURED,STRAY,41
TABBY,MALE,4,INJURED,STRAY,19
OTHER,MALE,0,NORMAL,STRAY,17
BLACK,MALE,0,ILL,OWNER SURRENDER,109
WHITE,MALE,0,INJURED,STRAY,6
WHITE,FEMALE,1,INJURED,STRAY,36
GRAY,MALE,0,UNDER WEIGHT,STRAY,3
WHITE,FEMALE,0,ILL,STRAY,7
TABBY,MALE,0,NORMAL,STRAY,114
TABBY,MALE,0,ILL,STRAY,84
GRAY,MALE,0,ILL,STRAY,91
BLACK,MALE,0,ILL,OTHER,47
OTHER,FEMALE,0,INJURED,STRAY,82
GRAY,FEMALE,0,NORMAL,STRAY,5
GRAY,MALE,1,INJURED,STRAY,131
TABBY,FEMALE,1,ILL,STRAY,65
BLACK,FEMALE,0,INJURED,STRAY,55
GRAY,MALE,0,ILL,STRAY,71
GRAY,MALE,8,ILL,STRAY,97
TABBY,MALE,1,INJURED,STRAY,102
OTHER,MALE,0,ILL,STRAY,73
TABBY,MALE,0,OTHER,STRAY,67
TABBY,FEMALE,5,INJURED,STRAY,68
OTHER,FEMALE,0,UNDER WEIGHT,STRAY,84
BLACK,MALE,0,UNDER WEIGHT,STRAY,73
